[2026-09-12T12:01:35.702023+00:00] Started evaluation for submission 36a2ea15-9395-4934-b49f-afc9a0ca8aea at 2026-09-12T12:01:35.702005+00:00
[2026-09-12T12:01:35.702026+00:00] Validating JSON input...
[2026-09-12T12:01:35.702029+00:00] Downloading submission input...
[2026-09-12T12:01:35.776061+00:00] Input valid
[2026-09-12T12:01:35.777869+00:00] PlantSim loading level
[2026-09-12T12:01:35.787476+00:00] PlantSim loaded level (70x100, 500 ticks)
[2026-09-12T12:01:35.802498+00:00] PlantSim input validation started
[2026-09-12T12:01:35.803467+00:00] PlantSim input validation completed
[2026-09-12T12:01:35.803509+00:00] PlantSim scheduled 1555 participant actions
[2026-09-12T12:01:35.803512+00:00] PlantSim simulation started
[2026-09-12T12:01:35.875331+00:00] Weather condition occurred: season changed to Summer on tick 100
[2026-09-12T12:01:35.879491+00:00] Weather condition occurred: season changed to Autumn on tick 200
[2026-09-12T12:01:35.881545+00:00] Weather condition occurred: Rain on tick 250
[2026-09-12T12:01:35.883537+00:00] Weather condition occurred: season changed to Winter on tick 300
[2026-09-12T12:01:35.887639+00:00] Weather condition occurred: season changed to Spring on tick 400
[2026-09-12T12:01:36.379704+00:00] Placement denied for plant 2 at (0, 0): plant already occupies cell
[2026-09-12T12:01:36.379725+00:00] Placement denied for plant 2 at (41, 81): plant already occupies cell
[2026-09-12T12:01:36.379730+00:00] Placement denied for plant 2 at (15, 97): plant already occupies cell
[2026-09-12T12:01:36.379733+00:00] Placement denied for plant 2 at (57, 78): plant already occupies cell
[2026-09-12T12:01:36.379736+00:00] Placement denied for plant 2 at (31, 94): plant already occupies cell
[2026-09-12T12:01:36.379739+00:00] Placement denied for plant 2 at (6, 10): plant already occupies cell
[2026-09-12T12:01:36.379742+00:00] Placement denied for plant 2 at (47, 91): plant already occupies cell
[2026-09-12T12:01:36.379745+00:00] Placement denied for plant 2 at (22, 7): plant already occupies cell
[2026-09-12T12:01:36.379748+00:00] Placement denied for plant 2 at (63, 88): plant already occupies cell
[2026-09-12T12:01:36.379751+00:00] Placement denied for plant 2 at (38, 4): plant already occupies cell
[2026-09-12T12:01:36.410934+00:00] Placement denied for plant 2 at (0, 0): plant already occupies cell
[2026-09-12T12:01:36.410960+00:00] Placement denied for plant 2 at (41, 81): plant already occupies cell
[2026-09-12T12:01:36.410964+00:00] Placement denied for plant 2 at (15, 97): plant already occupies cell
[2026-09-12T12:01:36.441720+00:00] Placement denied for plant 2 at (0, 0): plant already occupies cell
[2026-09-12T12:01:36.441743+00:00] Placement denied for plant 2 at (41, 81): plant already occupies cell
[2026-09-12T12:01:36.441747+00:00] Placement denied for plant 2 at (15, 97): plant already occupies cell
[2026-09-12T12:01:36.441750+00:00] Placement denied for plant 6 at (57, 78): plant already occupies cell
[2026-09-12T12:01:36.441754+00:00] Placement denied for plant 6 at (31, 94): plant already occupies cell
[2026-09-12T12:01:36.441757+00:00] Placement denied for plant 6 at (6, 10): plant already occupies cell
[2026-09-12T12:01:36.441760+00:00] Placement denied for plant 5 at (47, 91): plant already occupies cell
[2026-09-12T12:01:36.441764+00:00] Placement denied for plant 5 at (22, 7): plant already occupies cell
[2026-09-12T12:01:36.441767+00:00] Placement denied for plant 5 at (63, 88): plant already occupies cell
[2026-09-12T12:01:36.441770+00:00] Placement denied for plant 12 at (38, 4): plant already occupies cell
[2026-09-12T12:01:36.441773+00:00] Placement denied for plant 12 at (12, 20): plant already occupies cell
[2026-09-12T12:01:36.441776+00:00] Placement denied for plant 12 at (54, 1): plant already occupies cell
[2026-09-12T12:01:36.441779+00:00] Placement denied for plant 19 at (28, 17): plant already occupies cell
[2026-09-12T12:01:36.441782+00:00] Placement denied for plant 19 at (69, 98): plant already occupies cell
[2026-09-12T12:01:36.441785+00:00] Placement denied for plant 19 at (2, 33): plant already occupies cell
[2026-09-12T12:01:36.472207+00:00] Placement denied for plant 2 at (0, 0): plant already occupies cell
[2026-09-12T12:01:36.472236+00:00] Placement denied for plant 2 at (41, 81): plant already occupies cell
[2026-09-12T12:01:36.472240+00:00] Placement denied for plant 2 at (15, 97): plant already occupies cell
[2026-09-12T12:01:36.472244+00:00] Placement denied for plant 6 at (57, 78): plant already occupies cell
[2026-09-12T12:01:36.472247+00:00] Placement denied for plant 6 at (31, 94): plant already occupies cell
[2026-09-12T12:01:36.472250+00:00] Placement denied for plant 6 at (6, 10): plant already occupies cell
[2026-09-12T12:01:36.472253+00:00] Placement denied for plant 5 at (47, 91): plant already occupies cell
[2026-09-12T12:01:36.472256+00:00] Placement denied for plant 5 at (22, 7): plant already occupies cell
[2026-09-12T12:01:36.472260+00:00] Placement denied for plant 5 at (63, 88): plant already occupies cell
[2026-09-12T12:01:36.472263+00:00] Placement denied for plant 12 at (38, 4): plant already occupies cell
[2026-09-12T12:01:36.472267+00:00] Placement denied for plant 12 at (12, 20): plant already occupies cell
[2026-09-12T12:01:36.472269+00:00] Placement denied for plant 12 at (54, 1): plant already occupies cell
[2026-09-12T12:01:36.472272+00:00] Placement denied for plant 19 at (28, 17): plant already occupies cell
[2026-09-12T12:01:36.472275+00:00] Placement denied for plant 19 at (69, 98): plant already occupies cell
[2026-09-12T12:01:36.472278+00:00] Placement denied for plant 19 at (2, 33): plant already occupies cell
[2026-09-12T12:01:36.503709+00:00] Placement denied for plant 2 at (0, 0): plant already occupies cell
[2026-09-12T12:01:36.503729+00:00] Placement denied for plant 2 at (41, 81): plant already occupies cell
[2026-09-12T12:01:36.503734+00:00] Placement denied for plant 2 at (15, 97): plant already occupies cell
[2026-09-12T12:01:36.503737+00:00] Placement denied for plant 6 at (57, 78): plant already occupies cell
[2026-09-12T12:01:36.503740+00:00] Placement denied for plant 6 at (31, 94): plant already occupies cell
[2026-09-12T12:01:36.503743+00:00] Placement denied for plant 6 at (6, 10): plant already occupies cell
[2026-09-12T12:01:36.503746+00:00] Placement denied for plant 5 at (47, 91): plant already occupies cell
[2026-09-12T12:01:36.503750+00:00] Placement denied for plant 5 at (22, 7): plant already occupies cell
[2026-09-12T12:01:36.503753+00:00] Placement denied for plant 5 at (63, 88): plant already occupies cell
[2026-09-12T12:01:36.503756+00:00] Placement denied for plant 12 at (38, 4): plant already occupies cell
[2026-09-12T12:01:36.503759+00:00] Placement denied for plant 12 at (12, 20): plant already occupies cell
[2026-09-12T12:01:36.503762+00:00] Placement denied for plant 12 at (54, 1): plant already occupies cell
[2026-09-12T12:01:36.503764+00:00] Placement denied for plant 19 at (28, 17): plant already occupies cell
[2026-09-12T12:01:36.503767+00:00] Placement denied for plant 19 at (69, 98): plant already occupies cell
[2026-09-12T12:01:36.503770+00:00] Placement denied for plant 19 at (2, 33): plant already occupies cell
[2026-09-12T12:01:36.534329+00:00] Placement denied for plant 2 at (0, 0): plant already occupies cell
[2026-09-12T12:01:36.534350+00:00] Placement denied for plant 2 at (41, 81): plant already occupies cell
[2026-09-12T12:01:36.534354+00:00] Placement denied for plant 2 at (15, 97): plant already occupies cell
[2026-09-12T12:01:36.534357+00:00] Placement denied for plant 6 at (57, 78): plant already occupies cell
[2026-09-12T12:01:36.534361+00:00] Placement denied for plant 6 at (31, 94): plant already occupies cell
[2026-09-12T12:01:36.534364+00:00] Placement denied for plant 6 at (6, 10): plant already occupies cell
[2026-09-12T12:01:36.534368+00:00] Placement denied for plant 5 at (47, 91): plant already occupies cell
[2026-09-12T12:01:36.534370+00:00] Placement denied for plant 5 at (22, 7): plant already occupies cell
[2026-09-12T12:01:36.534373+00:00] Placement denied for plant 5 at (63, 88): plant already occupies cell
[2026-09-12T12:01:36.534376+00:00] Placement denied for plant 12 at (38, 4): plant already occupies cell
[2026-09-12T12:01:36.534379+00:00] Placement denied for plant 12 at (12, 20): plant already occupies cell
[2026-09-12T12:01:36.534382+00:00] Placement denied for plant 12 at (54, 1): plant already occupies cell
[2026-09-12T12:01:36.534385+00:00] Placement denied for plant 19 at (28, 17): plant already occupies cell
[2026-09-12T12:01:36.534388+00:00] Placement denied for plant 19 at (69, 98): plant already occupies cell
[2026-09-12T12:01:36.534391+00:00] Placement denied for plant 19 at (2, 33): plant already occupies cell
[2026-09-12T12:01:36.566078+00:00] Placement denied for plant 2 at (0, 0): plant already occupies cell
[2026-09-12T12:01:36.566099+00:00] Placement denied for plant 2 at (41, 81): plant already occupies cell
[2026-09-12T12:01:36.566102+00:00] Placement denied for plant 2 at (15, 97): plant already occupies cell
[2026-09-12T12:01:36.566106+00:00] Placement denied for plant 6 at (57, 78): plant already occupies cell
[2026-09-12T12:01:36.566109+00:00] Placement denied for plant 6 at (31, 94): plant already occupies cell
[2026-09-12T12:01:36.566113+00:00] Placement denied for plant 6 at (6, 10): plant already occupies cell
[2026-09-12T12:01:36.566117+00:00] Placement denied for plant 5 at (47, 91): plant already occupies cell
[2026-09-12T12:01:36.566120+00:00] Placement denied for plant 5 at (22, 7): plant already occupies cell
[2026-09-12T12:01:36.566122+00:00] Placement denied for plant 5 at (63, 88): plant already occupies cell
[2026-09-12T12:01:36.566125+00:00] Placement denied for plant 12 at (38, 4): plant already occupies cell
[2026-09-12T12:01:36.566128+00:00] Placement denied for plant 12 at (12, 20): plant already occupies cell
[2026-09-12T12:01:36.566131+00:00] Placement denied for plant 12 at (54, 1): plant already occupies cell
[2026-09-12T12:01:36.566134+00:00] Placement denied for plant 19 at (28, 17): plant already occupies cell
[2026-09-12T12:01:36.566137+00:00] Placement denied for plant 19 at (69, 98): plant already occupies cell
[2026-09-12T12:01:36.566140+00:00] Placement denied for plant 19 at (2, 33): plant already occupies cell
[2026-09-12T12:01:36.598369+00:00] Placement denied for plant 2 at (0, 0): plant already occupies cell
[2026-09-12T12:01:36.598389+00:00] Placement denied for plant 2 at (41, 81): plant already occupies cell
[2026-09-12T12:01:36.598394+00:00] Placement denied for plant 2 at (15, 97): plant already occupies cell
[2026-09-12T12:01:36.598397+00:00] Placement denied for plant 6 at (57, 78): plant already occupies cell
[2026-09-12T12:01:36.598401+00:00] Placement denied for plant 6 at (31, 94): plant already occupies cell
[2026-09-12T12:01:36.598404+00:00] Placement denied for plant 6 at (6, 10): plant already occupies cell
[2026-09-12T12:01:36.598409+00:00] Placement denied for plant 5 at (47, 91): plant already occupies cell
[2026-09-12T12:01:36.598412+00:00] Placement denied for plant 5 at (22, 7): plant already occupies cell
[2026-09-12T12:01:36.598415+00:00] Placement denied for plant 5 at (63, 88): plant already occupies cell
[2026-09-12T12:01:36.598418+00:00] Placement denied for plant 12 at (38, 4): plant already occupies cell
[2026-09-12T12:01:36.598421+00:00] Placement denied for plant 12 at (12, 20): plant already occupies cell
[2026-09-12T12:01:36.598424+00:00] Placement denied for plant 12 at (54, 1): plant already occupies cell
[2026-09-12T12:01:36.598427+00:00] Placement denied for plant 19 at (28, 17): plant already occupies cell
[2026-09-12T12:01:36.598430+00:00] Placement denied for plant 19 at (69, 98): plant already occupies cell
[2026-09-12T12:01:36.598433+00:00] Placement denied for plant 19 at (2, 33): plant already occupies cell
[2026-09-12T12:01:36.632093+00:00] Placement denied for plant 2 at (0, 0): plant already occupies cell
[2026-09-12T12:01:36.632117+00:00] Placement denied for plant 2 at (41, 81): plant already occupies cell
[2026-09-12T12:01:36.632121+00:00] Placement denied for plant 2 at (15, 97): plant already occupies cell
[2026-09-12T12:01:36.632125+00:00] Placement denied for plant 6 at (57, 78): plant already occupies cell
[2026-09-12T12:01:36.632128+00:00] Placement denied for plant 6 at (31, 94): plant already occupies cell
[2026-09-12T12:01:36.632131+00:00] Placement denied for plant 6 at (6, 10): plant already occupies cell
[2026-09-12T12:01:36.632134+00:00] Placement denied for plant 5 at (47, 91): plant already occupies cell
[2026-09-12T12:01:36.632184+00:00] Placement denied for plant 5 at (22, 7): plant already occupies cell
[2026-09-12T12:01:36.632188+00:00] Placement denied for plant 5 at (63, 88): plant already occupies cell
[2026-09-12T12:01:36.632192+00:00] Placement denied for plant 12 at (38, 4): plant already occupies cell
[2026-09-12T12:01:36.632195+00:00] Placement denied for plant 12 at (12, 20): plant already occupies cell
[2026-09-12T12:01:36.632201+00:00] Placement denied for plant 12 at (54, 1): plant already occupies cell
[2026-09-12T12:01:36.632204+00:00] Placement denied for plant 19 at (28, 17): plant already occupies cell
[2026-09-12T12:01:36.632207+00:00] Placement denied for plant 19 at (69, 98): plant already occupies cell
[2026-09-12T12:01:36.632210+00:00] Placement denied for plant 19 at (2, 33): plant already occupies cell
[2026-09-12T12:01:36.671753+00:00] Placement denied for plant 2 at (0, 0): plant already occupies cell
[2026-09-12T12:01:36.671775+00:00] Placement denied for plant 2 at (41, 81): plant already occupies cell
[2026-09-12T12:01:36.671779+00:00] Placement denied for plant 2 at (15, 97): plant already occupies cell
[2026-09-12T12:01:36.671782+00:00] Placement denied for plant 6 at (57, 78): plant already occupies cell
[2026-09-12T12:01:36.671785+00:00] Placement denied for plant 6 at (31, 94): plant already occupies cell
[2026-09-12T12:01:36.671788+00:00] Placement denied for plant 6 at (6, 10): plant already occupies cell
[2026-09-12T12:01:36.671792+00:00] Placement denied for plant 5 at (47, 91): plant already occupies cell
[2026-09-12T12:01:36.671795+00:00] Placement denied for plant 5 at (22, 7): plant already occupies cell
[2026-09-12T12:01:36.671798+00:00] Placement denied for plant 5 at (63, 88): plant already occupies cell
[2026-09-12T12:01:36.671801+00:00] Placement denied for plant 12 at (38, 4): plant already occupies cell
[2026-09-12T12:01:36.671804+00:00] Placement denied for plant 12 at (12, 20): plant already occupies cell
[2026-09-12T12:01:36.671807+00:00] Placement denied for plant 12 at (54, 1): plant already occupies cell
[2026-09-12T12:01:36.671810+00:00] Placement denied for plant 19 at (28, 17): plant already occupies cell
[2026-09-12T12:01:36.671813+00:00] Placement denied for plant 19 at (69, 98): plant already occupies cell
[2026-09-12T12:01:36.671816+00:00] Placement denied for plant 19 at (2, 33): plant already occupies cell
[2026-09-12T12:01:36.708539+00:00] Placement denied for plant 2 at (0, 0): plant already occupies cell
[2026-09-12T12:01:36.708565+00:00] Placement denied for plant 2 at (41, 81): plant already occupies cell
[2026-09-12T12:01:36.708569+00:00] Placement denied for plant 2 at (15, 97): plant already occupies cell
[2026-09-12T12:01:36.708572+00:00] Placement denied for plant 6 at (57, 78): plant already occupies cell
[2026-09-12T12:01:36.708576+00:00] Placement denied for plant 6 at (31, 94): plant already occupies cell
[2026-09-12T12:01:36.708579+00:00] Placement denied for plant 6 at (6, 10): plant already occupies cell
[2026-09-12T12:01:36.708581+00:00] Placement denied for plant 5 at (47, 91): plant already occupies cell
[2026-09-12T12:01:36.708584+00:00] Placement denied for plant 5 at (22, 7): plant already occupies cell
[2026-09-12T12:01:36.708588+00:00] Placement denied for plant 5 at (63, 88): plant already occupies cell
[2026-09-12T12:01:36.708590+00:00] Placement denied for plant 12 at (38, 4): plant already occupies cell
[2026-09-12T12:01:36.708593+00:00] Placement denied for plant 12 at (12, 20): plant already occupies cell
[2026-09-12T12:01:36.708596+00:00] Placement denied for plant 12 at (54, 1): plant already occupies cell
[2026-09-12T12:01:36.708599+00:00] Placement denied for plant 19 at (28, 17): plant already occupies cell
[2026-09-12T12:01:36.708602+00:00] Placement denied for plant 19 at (69, 98): plant already occupies cell
[2026-09-12T12:01:36.708605+00:00] Placement denied for plant 19 at (2, 33): plant already occupies cell
[2026-09-12T12:01:36.745042+00:00] Placement denied for plant 2 at (0, 0): plant already occupies cell
[2026-09-12T12:01:36.745062+00:00] Placement denied for plant 2 at (41, 81): plant already occupies cell
[2026-09-12T12:01:36.745066+00:00] Placement denied for plant 2 at (15, 97): plant already occupies cell
[2026-09-12T12:01:36.745070+00:00] Placement denied for plant 6 at (57, 78): plant already occupies cell
[2026-09-12T12:01:36.745073+00:00] Placement denied for plant 6 at (31, 94): plant already occupies cell
[2026-09-12T12:01:36.745076+00:00] Placement denied for plant 6 at (6, 10): plant already occupies cell
[2026-09-12T12:01:36.745079+00:00] Placement denied for plant 5 at (47, 91): plant already occupies cell
[2026-09-12T12:01:36.745082+00:00] Placement denied for plant 5 at (22, 7): plant already occupies cell
[2026-09-12T12:01:36.745085+00:00] Placement denied for plant 5 at (63, 88): plant already occupies cell
[2026-09-12T12:01:36.745088+00:00] Placement denied for plant 12 at (38, 4): plant already occupies cell
[2026-09-12T12:01:36.745094+00:00] Placement denied for plant 12 at (12, 20): plant already occupies cell
[2026-09-12T12:01:36.745097+00:00] Placement denied for plant 12 at (54, 1): plant already occupies cell
[2026-09-12T12:01:36.745100+00:00] Placement denied for plant 19 at (28, 17): plant already occupies cell
[2026-09-12T12:01:36.745103+00:00] Placement denied for plant 19 at (69, 98): plant already occupies cell
[2026-09-12T12:01:36.745106+00:00] Placement denied for plant 19 at (2, 33): plant already occupies cell
[2026-09-12T12:01:36.780390+00:00] Placement denied for plant 2 at (0, 0): plant already occupies cell
[2026-09-12T12:01:36.780412+00:00] Placement denied for plant 2 at (41, 81): plant already occupies cell
[2026-09-12T12:01:36.780416+00:00] Placement denied for plant 2 at (15, 97): plant already occupies cell
[2026-09-12T12:01:36.780419+00:00] Placement denied for plant 6 at (57, 78): plant already occupies cell
[2026-09-12T12:01:36.780423+00:00] Placement denied for plant 6 at (31, 94): plant already occupies cell
[2026-09-12T12:01:36.780426+00:00] Placement denied for plant 6 at (6, 10): plant already occupies cell
[2026-09-12T12:01:36.780429+00:00] Placement denied for plant 5 at (47, 91): plant already occupies cell
[2026-09-12T12:01:36.780581+00:00] Placement denied for plant 12 at (38, 4): plant already occupies cell
[2026-09-12T12:01:36.780586+00:00] Placement denied for plant 12 at (12, 20): plant already occupies cell
[2026-09-12T12:01:36.780589+00:00] Placement denied for plant 12 at (54, 1): plant already occupies cell
[2026-09-12T12:01:36.780592+00:00] Placement denied for plant 19 at (28, 17): plant already occupies cell
[2026-09-12T12:01:36.780595+00:00] Placement denied for plant 19 at (69, 98): plant already occupies cell
[2026-09-12T12:01:36.780598+00:00] Placement denied for plant 19 at (2, 33): plant already occupies cell
[2026-09-12T12:01:36.814704+00:00] Placement denied for plant 2 at (0, 0): plant already occupies cell
[2026-09-12T12:01:36.814728+00:00] Placement denied for plant 2 at (41, 81): plant already occupies cell
[2026-09-12T12:01:36.814732+00:00] Placement denied for plant 2 at (15, 97): plant already occupies cell
[2026-09-12T12:01:36.814736+00:00] Placement denied for plant 6 at (57, 78): plant already occupies cell
[2026-09-12T12:01:36.814739+00:00] Placement denied for plant 6 at (31, 94): plant already occupies cell
[2026-09-12T12:01:36.814743+00:00] Placement denied for plant 6 at (6, 10): plant already occupies cell
[2026-09-12T12:01:36.814746+00:00] Placement denied for plant 5 at (47, 91): plant already occupies cell
[2026-09-12T12:01:36.814749+00:00] Placement denied for plant 5 at (22, 7): plant already occupies cell
[2026-09-12T12:01:36.814753+00:00] Placement denied for plant 5 at (63, 88): plant already occupies cell
[2026-09-12T12:01:36.814756+00:00] Placement denied for plant 12 at (38, 4): plant already occupies cell
[2026-09-12T12:01:36.814760+00:00] Placement denied for plant 12 at (12, 20): plant already occupies cell
[2026-09-12T12:01:36.814763+00:00] Placement denied for plant 12 at (54, 1): plant already occupies cell
[2026-09-12T12:01:36.814766+00:00] Placement denied for plant 19 at (28, 17): plant already occupies cell
[2026-09-12T12:01:36.814769+00:00] Placement denied for plant 19 at (69, 98): plant already occupies cell
[2026-09-12T12:01:36.814772+00:00] Placement denied for plant 19 at (2, 33): plant already occupies cell
[2026-09-12T12:01:36.852649+00:00] Placement denied for plant 2 at (0, 0): plant already occupies cell
[2026-09-12T12:01:36.852672+00:00] Placement denied for plant 2 at (41, 81): plant already occupies cell
[2026-09-12T12:01:36.852676+00:00] Placement denied for plant 2 at (15, 97): plant already occupies cell
[2026-09-12T12:01:36.852679+00:00] Placement denied for plant 6 at (57, 78): plant already occupies cell
[2026-09-12T12:01:36.852682+00:00] Placement denied for plant 6 at (31, 94): plant already occupies cell
[2026-09-12T12:01:36.852686+00:00] Placement denied for plant 6 at (6, 10): plant already occupies cell
[2026-09-12T12:01:36.852689+00:00] Placement denied for plant 5 at (47, 91): plant already occupies cell
[2026-09-12T12:01:36.852856+00:00] Placement denied for plant 12 at (38, 4): plant already occupies cell
[2026-09-12T12:01:36.852860+00:00] Placement denied for plant 12 at (12, 20): plant already occupies cell
[2026-09-12T12:01:36.852863+00:00] Placement denied for plant 12 at (54, 1): plant already occupies cell
[2026-09-12T12:01:36.852866+00:00] Placement denied for plant 19 at (28, 17): plant already occupies cell
[2026-09-12T12:01:36.852869+00:00] Placement denied for plant 19 at (69, 98): plant already occupies cell
[2026-09-12T12:01:36.852872+00:00] Placement denied for plant 19 at (2, 33): plant already occupies cell
[2026-09-12T12:01:36.889014+00:00] Placement denied for plant 2 at (0, 0): plant already occupies cell
[2026-09-12T12:01:36.889038+00:00] Placement denied for plant 2 at (41, 81): plant already occupies cell
[2026-09-12T12:01:36.889042+00:00] Placement denied for plant 2 at (15, 97): plant already occupies cell
[2026-09-12T12:01:36.889045+00:00] Placement denied for plant 6 at (57, 78): plant already occupies cell
[2026-09-12T12:01:36.889048+00:00] Placement denied for plant 6 at (31, 94): plant already occupies cell
[2026-09-12T12:01:36.889051+00:00] Placement denied for plant 6 at (6, 10): plant already occupies cell
[2026-09-12T12:01:36.889054+00:00] Placement denied for plant 5 at (47, 91): plant already occupies cell
[2026-09-12T12:01:36.889058+00:00] Placement denied for plant 5 at (22, 7): plant already occupies cell
[2026-09-12T12:01:36.889061+00:00] Placement denied for plant 5 at (63, 88): plant already occupies cell
[2026-09-12T12:01:36.889064+00:00] Placement denied for plant 12 at (38, 4): plant already occupies cell
[2026-09-12T12:01:36.889067+00:00] Placement denied for plant 12 at (12, 20): plant already occupies cell
[2026-09-12T12:01:36.889070+00:00] Placement denied for plant 12 at (54, 1): plant already occupies cell
[2026-09-12T12:01:36.889073+00:00] Placement denied for plant 19 at (28, 17): plant already occupies cell
[2026-09-12T12:01:36.889076+00:00] Placement denied for plant 19 at (69, 98): plant already occupies cell
[2026-09-12T12:01:36.889080+00:00] Placement denied for plant 19 at (2, 33): plant already occupies cell
[2026-09-12T12:01:36.936383+00:00] Placement denied for plant 2 at (0, 0): plant already occupies cell
[2026-09-12T12:01:36.936404+00:00] Placement denied for plant 2 at (41, 81): plant already occupies cell
[2026-09-12T12:01:36.936409+00:00] Placement denied for plant 2 at (15, 97): plant already occupies cell
[2026-09-12T12:01:36.936413+00:00] Placement denied for plant 6 at (57, 78): plant already occupies cell
[2026-09-12T12:01:36.936416+00:00] Placement denied for plant 6 at (31, 94): plant already occupies cell
[2026-09-12T12:01:36.936419+00:00] Placement denied for plant 6 at (6, 10): plant already occupies cell
[2026-09-12T12:01:36.936422+00:00] Placement denied for plant 5 at (47, 91): plant already occupies cell
[2026-09-12T12:01:36.936426+00:00] Placement denied for plant 5 at (22, 7): plant already occupies cell
[2026-09-12T12:01:36.936429+00:00] Placement denied for plant 5 at (63, 88): plant already occupies cell
[2026-09-12T12:01:36.936432+00:00] Placement denied for plant 12 at (38, 4): plant already occupies cell
[2026-09-12T12:01:36.936435+00:00] Placement denied for plant 12 at (12, 20): plant already occupies cell
[2026-09-12T12:01:36.936438+00:00] Placement denied for plant 12 at (54, 1): plant already occupies cell
[2026-09-12T12:01:36.936441+00:00] Placement denied for plant 19 at (28, 17): plant already occupies cell
[2026-09-12T12:01:36.936444+00:00] Placement denied for plant 19 at (69, 98): plant already occupies cell
[2026-09-12T12:01:36.936447+00:00] Placement denied for plant 19 at (2, 33): plant already occupies cell
[2026-09-12T12:01:36.970670+00:00] Placement denied for plant 2 at (0, 0): plant already occupies cell
[2026-09-12T12:01:36.970690+00:00] Placement denied for plant 2 at (41, 81): plant already occupies cell
[2026-09-12T12:01:36.970694+00:00] Placement denied for plant 2 at (15, 97): plant already occupies cell
[2026-09-12T12:01:36.970697+00:00] Placement denied for plant 6 at (57, 78): plant already occupies cell
[2026-09-12T12:01:36.970700+00:00] Placement denied for plant 6 at (31, 94): plant already occupies cell
[2026-09-12T12:01:36.970703+00:00] Placement denied for plant 6 at (6, 10): plant already occupies cell
[2026-09-12T12:01:36.970706+00:00] Placement denied for plant 5 at (47, 91): plant already occupies cell
[2026-09-12T12:01:36.970709+00:00] Placement denied for plant 5 at (22, 7): plant already occupies cell
[2026-09-12T12:01:36.970712+00:00] Placement denied for plant 5 at (63, 88): plant already occupies cell
[2026-09-12T12:01:36.970715+00:00] Placement denied for plant 12 at (38, 4): plant already occupies cell
[2026-09-12T12:01:36.970718+00:00] Placement denied for plant 12 at (12, 20): plant already occupies cell
[2026-09-12T12:01:36.970721+00:00] Placement denied for plant 12 at (54, 1): plant already occupies cell
[2026-09-12T12:01:36.970724+00:00] Placement denied for plant 19 at (28, 17): plant already occupies cell
[2026-09-12T12:01:36.970727+00:00] Placement denied for plant 19 at (69, 98): plant already occupies cell
[2026-09-12T12:01:36.970730+00:00] Placement denied for plant 19 at (2, 33): plant already occupies cell
[2026-09-12T12:01:37.008751+00:00] Placement denied for plant 2 at (0, 0): plant already occupies cell
[2026-09-12T12:01:37.008773+00:00] Placement denied for plant 2 at (41, 81): plant already occupies cell
[2026-09-12T12:01:37.008777+00:00] Placement denied for plant 2 at (15, 97): plant already occupies cell
[2026-09-12T12:01:37.008781+00:00] Placement denied for plant 6 at (57, 78): plant already occupies cell
[2026-09-12T12:01:37.008784+00:00] Placement denied for plant 6 at (31, 94): plant already occupies cell
[2026-09-12T12:01:37.008788+00:00] Placement denied for plant 6 at (6, 10): plant already occupies cell
[2026-09-12T12:01:37.008791+00:00] Placement denied for plant 5 at (47, 91): plant already occupies cell
[2026-09-12T12:01:37.008794+00:00] Placement denied for plant 5 at (22, 7): plant already occupies cell
[2026-09-12T12:01:37.008797+00:00] Placement denied for plant 5 at (63, 88): plant already occupies cell
[2026-09-12T12:01:37.008800+00:00] Placement denied for plant 12 at (38, 4): plant already occupies cell
[2026-09-12T12:01:37.008803+00:00] Placement denied for plant 12 at (12, 20): plant already occupies cell
[2026-09-12T12:01:37.008806+00:00] Placement denied for plant 12 at (54, 1): plant already occupies cell
[2026-09-12T12:01:37.008810+00:00] Placement denied for plant 19 at (28, 17): plant already occupies cell
[2026-09-12T12:01:37.008813+00:00] Placement denied for plant 19 at (69, 98): plant already occupies cell
[2026-09-12T12:01:37.008816+00:00] Placement denied for plant 19 at (2, 33): plant already occupies cell
[2026-09-12T12:01:37.047037+00:00] Placement denied for plant 2 at (0, 0): plant already occupies cell
[2026-09-12T12:01:37.047058+00:00] Placement denied for plant 2 at (41, 81): plant already occupies cell
[2026-09-12T12:01:37.047062+00:00] Placement denied for plant 2 at (15, 97): plant already occupies cell
[2026-09-12T12:01:37.047065+00:00] Placement denied for plant 6 at (57, 78): plant already occupies cell
[2026-09-12T12:01:37.047069+00:00] Placement denied for plant 6 at (31, 94): plant already occupies cell
[2026-09-12T12:01:37.047072+00:00] Placement denied for plant 6 at (6, 10): plant already occupies cell
[2026-09-12T12:01:37.047075+00:00] Placement denied for plant 5 at (47, 91): plant already occupies cell
[2026-09-12T12:01:37.047078+00:00] Placement denied for plant 5 at (22, 7): plant already occupies cell
[2026-09-12T12:01:37.047081+00:00] Placement denied for plant 5 at (63, 88): plant already occupies cell
[2026-09-12T12:01:37.047084+00:00] Placement denied for plant 12 at (38, 4): plant already occupies cell
[2026-09-12T12:01:37.047087+00:00] Placement denied for plant 12 at (12, 20): plant already occupies cell
[2026-09-12T12:01:37.047090+00:00] Placement denied for plant 12 at (54, 1): plant already occupies cell
[2026-09-12T12:01:37.047092+00:00] Placement denied for plant 19 at (28, 17): plant already occupies cell
[2026-09-12T12:01:37.047095+00:00] Placement denied for plant 19 at (69, 98): plant already occupies cell
[2026-09-12T12:01:37.047098+00:00] Placement denied for plant 19 at (2, 33): plant already occupies cell
[2026-09-12T12:01:37.083405+00:00] Placement denied for plant 2 at (0, 0): plant already occupies cell
[2026-09-12T12:01:37.083426+00:00] Placement denied for plant 2 at (41, 81): plant already occupies cell
[2026-09-12T12:01:37.083430+00:00] Placement denied for plant 2 at (15, 97): plant already occupies cell
[2026-09-12T12:01:37.083433+00:00] Placement denied for plant 6 at (57, 78): plant already occupies cell
[2026-09-12T12:01:37.083437+00:00] Placement denied for plant 6 at (31, 94): plant already occupies cell
[2026-09-12T12:01:37.083440+00:00] Placement denied for plant 6 at (6, 10): plant already occupies cell
[2026-09-12T12:01:37.083443+00:00] Placement denied for plant 5 at (47, 91): plant already occupies cell
[2026-09-12T12:01:37.083446+00:00] Placement denied for plant 5 at (22, 7): plant already occupies cell
[2026-09-12T12:01:37.083449+00:00] Placement denied for plant 5 at (63, 88): plant already occupies cell
[2026-09-12T12:01:37.083452+00:00] Placement denied for plant 12 at (38, 4): plant already occupies cell
[2026-09-12T12:01:37.083455+00:00] Placement denied for plant 12 at (12, 20): plant already occupies cell
[2026-09-12T12:01:37.083458+00:00] Placement denied for plant 12 at (54, 1): plant already occupies cell
[2026-09-12T12:01:37.083461+00:00] Placement denied for plant 19 at (28, 17): plant already occupies cell
[2026-09-12T12:01:37.083464+00:00] Placement denied for plant 19 at (69, 98): plant already occupies cell
[2026-09-12T12:01:37.083467+00:00] Placement denied for plant 19 at (2, 33): plant already occupies cell
[2026-09-12T12:01:37.120523+00:00] Placement denied for plant 2 at (0, 0): plant already occupies cell
[2026-09-12T12:01:37.120545+00:00] Placement denied for plant 2 at (41, 81): plant already occupies cell
[2026-09-12T12:01:37.120549+00:00] Placement denied for plant 2 at (15, 97): plant already occupies cell
[2026-09-12T12:01:37.120553+00:00] Placement denied for plant 6 at (57, 78): plant already occupies cell
[2026-09-12T12:01:37.120557+00:00] Placement denied for plant 6 at (31, 94): plant already occupies cell
[2026-09-12T12:01:37.120560+00:00] Placement denied for plant 6 at (6, 10): plant already occupies cell
[2026-09-12T12:01:37.120563+00:00] Placement denied for plant 5 at (47, 91): plant already occupies cell
[2026-09-12T12:01:37.120567+00:00] Placement denied for plant 5 at (22, 7): plant already occupies cell
[2026-09-12T12:01:37.120571+00:00] Placement denied for plant 5 at (63, 88): plant already occupies cell
[2026-09-12T12:01:37.120574+00:00] Placement denied for plant 12 at (38, 4): plant already occupies cell
[2026-09-12T12:01:37.120577+00:00] Placement denied for plant 12 at (12, 20): plant already occupies cell
[2026-09-12T12:01:37.120580+00:00] Placement denied for plant 12 at (54, 1): plant already occupies cell
[2026-09-12T12:01:37.120583+00:00] Placement denied for plant 19 at (28, 17): plant already occupies cell
[2026-09-12T12:01:37.120586+00:00] Placement denied for plant 19 at (69, 98): plant already occupies cell
[2026-09-12T12:01:37.120589+00:00] Placement denied for plant 19 at (2, 33): plant already occupies cell
[2026-09-12T12:01:37.179454+00:00] Placement denied for plant 2 at (0, 0): plant already occupies cell
[2026-09-12T12:01:37.179476+00:00] Placement denied for plant 2 at (41, 81): plant already occupies cell
[2026-09-12T12:01:37.179481+00:00] Placement denied for plant 2 at (15, 97): plant already occupies cell
[2026-09-12T12:01:37.179584+00:00] Placement denied for plant 6 at (31, 94): plant already occupies cell
[2026-09-12T12:01:37.179588+00:00] Placement denied for plant 6 at (6, 10): plant already occupies cell
[2026-09-12T12:01:37.179592+00:00] Placement denied for plant 5 at (47, 91): plant already occupies cell
[2026-09-12T12:01:37.179595+00:00] Placement denied for plant 5 at (22, 7): plant already occupies cell
[2026-09-12T12:01:37.179598+00:00] Placement denied for plant 5 at (63, 88): plant already occupies cell
[2026-09-12T12:01:37.179601+00:00] Placement denied for plant 12 at (38, 4): plant already occupies cell
[2026-09-12T12:01:37.179605+00:00] Placement denied for plant 12 at (12, 20): plant already occupies cell
[2026-09-12T12:01:37.179607+00:00] Placement denied for plant 12 at (54, 1): plant already occupies cell
[2026-09-12T12:01:37.179610+00:00] Placement denied for plant 19 at (28, 17): plant already occupies cell
[2026-09-12T12:01:37.179613+00:00] Placement denied for plant 19 at (69, 98): plant already occupies cell
[2026-09-12T12:01:37.179616+00:00] Placement denied for plant 19 at (2, 33): plant already occupies cell
[2026-09-12T12:01:37.219115+00:00] Placement denied for plant 2 at (0, 0): plant already occupies cell
[2026-09-12T12:01:37.219138+00:00] Placement denied for plant 2 at (41, 81): plant already occupies cell
[2026-09-12T12:01:37.219142+00:00] Placement denied for plant 2 at (15, 97): plant already occupies cell
[2026-09-12T12:01:37.219145+00:00] Placement denied for plant 6 at (57, 78): plant already occupies cell
[2026-09-12T12:01:37.219149+00:00] Placement denied for plant 6 at (31, 94): plant already occupies cell
[2026-09-12T12:01:37.219152+00:00] Placement denied for plant 6 at (6, 10): plant already occupies cell
[2026-09-12T12:01:37.219155+00:00] Placement denied for plant 5 at (47, 91): plant already occupies cell
[2026-09-12T12:01:37.219158+00:00] Placement denied for plant 5 at (22, 7): plant already occupies cell
[2026-09-12T12:01:37.219161+00:00] Placement denied for plant 5 at (63, 88): plant already occupies cell
[2026-09-12T12:01:37.219164+00:00] Placement denied for plant 12 at (38, 4): plant already occupies cell
[2026-09-12T12:01:37.219166+00:00] Placement denied for plant 12 at (12, 20): plant already occupies cell
[2026-09-12T12:01:37.219169+00:00] Placement denied for plant 12 at (54, 1): plant already occupies cell
[2026-09-12T12:01:37.219172+00:00] Placement denied for plant 19 at (28, 17): plant already occupies cell
[2026-09-12T12:01:37.219175+00:00] Placement denied for plant 19 at (69, 98): plant already occupies cell
[2026-09-12T12:01:37.219178+00:00] Placement denied for plant 19 at (2, 33): plant already occupies cell
[2026-09-12T12:01:37.260549+00:00] Placement denied for plant 2 at (0, 0): plant already occupies cell
[2026-09-12T12:01:37.260572+00:00] Placement denied for plant 2 at (41, 81): plant already occupies cell
[2026-09-12T12:01:37.260576+00:00] Placement denied for plant 2 at (15, 97): plant already occupies cell
[2026-09-12T12:01:37.260675+00:00] Placement denied for plant 6 at (31, 94): plant already occupies cell
[2026-09-12T12:01:37.260679+00:00] Placement denied for plant 6 at (6, 10): plant already occupies cell
[2026-09-12T12:01:37.260682+00:00] Placement denied for plant 5 at (47, 91): plant already occupies cell
[2026-09-12T12:01:37.260686+00:00] Placement denied for plant 5 at (22, 7): plant already occupies cell
[2026-09-12T12:01:37.260689+00:00] Placement denied for plant 5 at (63, 88): plant already occupies cell
[2026-09-12T12:01:37.260693+00:00] Placement denied for plant 12 at (38, 4): plant already occupies cell
[2026-09-12T12:01:37.260696+00:00] Placement denied for plant 12 at (12, 20): plant already occupies cell
[2026-09-12T12:01:37.260699+00:00] Placement denied for plant 12 at (54, 1): plant already occupies cell
[2026-09-12T12:01:37.260702+00:00] Placement denied for plant 19 at (28, 17): plant already occupies cell
[2026-09-12T12:01:37.260706+00:00] Placement denied for plant 19 at (69, 98): plant already occupies cell
[2026-09-12T12:01:37.260709+00:00] Placement denied for plant 19 at (2, 33): plant already occupies cell
[2026-09-12T12:01:37.298030+00:00] Placement denied for plant 2 at (0, 0): plant already occupies cell
[2026-09-12T12:01:37.298052+00:00] Placement denied for plant 2 at (41, 81): plant already occupies cell
[2026-09-12T12:01:37.298057+00:00] Placement denied for plant 2 at (15, 97): plant already occupies cell
[2026-09-12T12:01:37.298060+00:00] Placement denied for plant 6 at (57, 78): plant already occupies cell
[2026-09-12T12:01:37.298063+00:00] Placement denied for plant 6 at (31, 94): plant already occupies cell
[2026-09-12T12:01:37.298067+00:00] Placement denied for plant 6 at (6, 10): plant already occupies cell
[2026-09-12T12:01:37.298070+00:00] Placement denied for plant 5 at (47, 91): plant already occupies cell
[2026-09-12T12:01:37.298073+00:00] Placement denied for plant 5 at (22, 7): plant already occupies cell
[2026-09-12T12:01:37.298076+00:00] Placement denied for plant 5 at (63, 88): plant already occupies cell
[2026-09-12T12:01:37.298079+00:00] Placement denied for plant 12 at (38, 4): plant already occupies cell
[2026-09-12T12:01:37.298082+00:00] Placement denied for plant 12 at (12, 20): plant already occupies cell
[2026-09-12T12:01:37.298085+00:00] Placement denied for plant 12 at (54, 1): plant already occupies cell
[2026-09-12T12:01:37.298089+00:00] Placement denied for plant 19 at (28, 17): plant already occupies cell
[2026-09-12T12:01:37.298092+00:00] Placement denied for plant 19 at (69, 98): plant already occupies cell
[2026-09-12T12:01:37.298095+00:00] Placement denied for plant 19 at (2, 33): plant already occupies cell
[2026-09-12T12:01:37.336448+00:00] Placement denied for plant 2 at (0, 0): plant already occupies cell
[2026-09-12T12:01:37.336470+00:00] Placement denied for plant 2 at (41, 81): plant already occupies cell
[2026-09-12T12:01:37.336474+00:00] Placement denied for plant 2 at (15, 97): plant already occupies cell
[2026-09-12T12:01:37.336478+00:00] Placement denied for plant 6 at (57, 78): plant already occupies cell
[2026-09-12T12:01:37.336481+00:00] Placement denied for plant 6 at (31, 94): plant already occupies cell
[2026-09-12T12:01:37.336484+00:00] Placement denied for plant 6 at (6, 10): plant already occupies cell
[2026-09-12T12:01:37.336487+00:00] Placement denied for plant 5 at (47, 91): plant already occupies cell
[2026-09-12T12:01:37.336491+00:00] Placement denied for plant 5 at (22, 7): plant already occupies cell
[2026-09-12T12:01:37.336494+00:00] Placement denied for plant 5 at (63, 88): plant already occupies cell
[2026-09-12T12:01:37.336497+00:00] Placement denied for plant 12 at (38, 4): plant already occupies cell
[2026-09-12T12:01:37.336500+00:00] Placement denied for plant 12 at (12, 20): plant already occupies cell
[2026-09-12T12:01:37.336503+00:00] Placement denied for plant 12 at (54, 1): plant already occupies cell
[2026-09-12T12:01:37.336506+00:00] Placement denied for plant 19 at (28, 17): plant already occupies cell
[2026-09-12T12:01:37.336510+00:00] Placement denied for plant 19 at (69, 98): plant already occupies cell
[2026-09-12T12:01:37.336513+00:00] Placement denied for plant 19 at (2, 33): plant already occupies cell
[2026-09-12T12:01:37.374223+00:00] Placement denied for plant 2 at (0, 0): plant already occupies cell
[2026-09-12T12:01:37.374245+00:00] Placement denied for plant 2 at (41, 81): plant already occupies cell
[2026-09-12T12:01:37.374249+00:00] Placement denied for plant 2 at (15, 97): plant already occupies cell
[2026-09-12T12:01:37.374252+00:00] Placement denied for plant 6 at (57, 78): plant already occupies cell
[2026-09-12T12:01:37.374258+00:00] Placement denied for plant 6 at (31, 94): plant already occupies cell
[2026-09-12T12:01:37.374261+00:00] Placement denied for plant 6 at (6, 10): plant already occupies cell
[2026-09-12T12:01:37.374265+00:00] Placement denied for plant 5 at (47, 91): plant already occupies cell
[2026-09-12T12:01:37.374268+00:00] Placement denied for plant 5 at (22, 7): plant already occupies cell
[2026-09-12T12:01:37.374272+00:00] Placement denied for plant 5 at (63, 88): plant already occupies cell
[2026-09-12T12:01:37.374275+00:00] Placement denied for plant 12 at (38, 4): plant already occupies cell
[2026-09-12T12:01:37.374278+00:00] Placement denied for plant 12 at (12, 20): plant already occupies cell
[2026-09-12T12:01:37.374281+00:00] Placement denied for plant 12 at (54, 1): plant already occupies cell
[2026-09-12T12:01:37.374284+00:00] Placement denied for plant 19 at (28, 17): plant already occupies cell
[2026-09-12T12:01:37.374287+00:00] Placement denied for plant 19 at (69, 98): plant already occupies cell
[2026-09-12T12:01:37.374290+00:00] Placement denied for plant 19 at (2, 33): plant already occupies cell
[2026-09-12T12:01:37.436230+00:00] Placement denied for plant 2 at (0, 0): plant already occupies cell
[2026-09-12T12:01:37.436251+00:00] Placement denied for plant 2 at (41, 81): plant already occupies cell
[2026-09-12T12:01:37.436255+00:00] Placement denied for plant 2 at (15, 97): plant already occupies cell
[2026-09-12T12:01:37.436259+00:00] Placement denied for plant 6 at (57, 78): plant already occupies cell
[2026-09-12T12:01:37.436262+00:00] Placement denied for plant 6 at (31, 94): plant already occupies cell
[2026-09-12T12:01:37.436265+00:00] Placement denied for plant 6 at (6, 10): plant already occupies cell
[2026-09-12T12:01:37.436268+00:00] Placement denied for plant 5 at (47, 91): plant already occupies cell
[2026-09-12T12:01:37.436271+00:00] Placement denied for plant 5 at (22, 7): plant already occupies cell
[2026-09-12T12:01:37.436275+00:00] Placement denied for plant 5 at (63, 88): plant already occupies cell
[2026-09-12T12:01:37.436278+00:00] Placement denied for plant 12 at (38, 4): plant already occupies cell
[2026-09-12T12:01:37.436282+00:00] Placement denied for plant 12 at (12, 20): plant already occupies cell
[2026-09-12T12:01:37.436285+00:00] Placement denied for plant 12 at (54, 1): plant already occupies cell
[2026-09-12T12:01:37.436288+00:00] Placement denied for plant 19 at (28, 17): plant already occupies cell
[2026-09-12T12:01:37.436291+00:00] Placement denied for plant 19 at (69, 98): plant already occupies cell
[2026-09-12T12:01:37.436294+00:00] Placement denied for plant 19 at (2, 33): plant already occupies cell
[2026-09-12T12:01:37.473186+00:00] Placement denied for plant 2 at (0, 0): plant already occupies cell
[2026-09-12T12:01:37.473208+00:00] Placement denied for plant 2 at (41, 81): plant already occupies cell
[2026-09-12T12:01:37.473213+00:00] Placement denied for plant 2 at (15, 97): plant already occupies cell
[2026-09-12T12:01:37.473216+00:00] Placement denied for plant 6 at (57, 78): plant already occupies cell
[2026-09-12T12:01:37.473220+00:00] Placement denied for plant 6 at (31, 94): plant already occupies cell
[2026-09-12T12:01:37.473223+00:00] Placement denied for plant 6 at (6, 10): plant already occupies cell
[2026-09-12T12:01:37.473226+00:00] Placement denied for plant 5 at (47, 91): plant already occupies cell
[2026-09-12T12:01:37.473229+00:00] Placement denied for plant 5 at (22, 7): plant already occupies cell
[2026-09-12T12:01:37.473233+00:00] Placement denied for plant 5 at (63, 88): plant already occupies cell
[2026-09-12T12:01:37.473236+00:00] Placement denied for plant 12 at (38, 4): plant already occupies cell
[2026-09-12T12:01:37.473238+00:00] Placement denied for plant 12 at (12, 20): plant already occupies cell
[2026-09-12T12:01:37.473242+00:00] Placement denied for plant 12 at (54, 1): plant already occupies cell
[2026-09-12T12:01:37.473244+00:00] Placement denied for plant 19 at (28, 17): plant already occupies cell
[2026-09-12T12:01:37.473247+00:00] Placement denied for plant 19 at (69, 98): plant already occupies cell
[2026-09-12T12:01:37.473250+00:00] Placement denied for plant 19 at (2, 33): plant already occupies cell
[2026-09-12T12:01:37.511961+00:00] Placement denied for plant 2 at (0, 0): plant already occupies cell
[2026-09-12T12:01:37.511982+00:00] Placement denied for plant 2 at (41, 81): plant already occupies cell
[2026-09-12T12:01:37.511986+00:00] Placement denied for plant 2 at (15, 97): plant already occupies cell
[2026-09-12T12:01:37.511989+00:00] Placement denied for plant 6 at (57, 78): plant already occupies cell
[2026-09-12T12:01:37.511992+00:00] Placement denied for plant 6 at (31, 94): plant already occupies cell
[2026-09-12T12:01:37.511996+00:00] Placement denied for plant 6 at (6, 10): plant already occupies cell
[2026-09-12T12:01:37.511999+00:00] Placement denied for plant 5 at (47, 91): plant already occupies cell
[2026-09-12T12:01:37.512002+00:00] Placement denied for plant 5 at (22, 7): plant already occupies cell
[2026-09-12T12:01:37.512006+00:00] Placement denied for plant 5 at (63, 88): plant already occupies cell
[2026-09-12T12:01:37.512009+00:00] Placement denied for plant 12 at (38, 4): plant already occupies cell
[2026-09-12T12:01:37.512012+00:00] Placement denied for plant 12 at (12, 20): plant already occupies cell
[2026-09-12T12:01:37.512015+00:00] Placement denied for plant 12 at (54, 1): plant already occupies cell
[2026-09-12T12:01:37.512018+00:00] Placement denied for plant 19 at (28, 17): plant already occupies cell
[2026-09-12T12:01:37.512021+00:00] Placement denied for plant 19 at (69, 98): plant already occupies cell
[2026-09-12T12:01:37.512024+00:00] Placement denied for plant 19 at (2, 33): plant already occupies cell
[2026-09-12T12:01:37.547367+00:00] Placement denied for plant 2 at (0, 0): plant already occupies cell
[2026-09-12T12:01:37.547389+00:00] Placement denied for plant 2 at (41, 81): plant already occupies cell
[2026-09-12T12:01:37.547394+00:00] Placement denied for plant 2 at (15, 97): plant already occupies cell
[2026-09-12T12:01:37.547398+00:00] Placement denied for plant 6 at (57, 78): plant already occupies cell
[2026-09-12T12:01:37.547401+00:00] Placement denied for plant 6 at (31, 94): plant already occupies cell
[2026-09-12T12:01:37.547404+00:00] Placement denied for plant 6 at (6, 10): plant already occupies cell
[2026-09-12T12:01:37.547407+00:00] Placement denied for plant 5 at (47, 91): plant already occupies cell
[2026-09-12T12:01:37.547410+00:00] Placement denied for plant 5 at (22, 7): plant already occupies cell
[2026-09-12T12:01:37.547413+00:00] Placement denied for plant 5 at (63, 88): plant already occupies cell
[2026-09-12T12:01:37.547416+00:00] Placement denied for plant 12 at (38, 4): plant already occupies cell
[2026-09-12T12:01:37.547419+00:00] Placement denied for plant 12 at (12, 20): plant already occupies cell
[2026-09-12T12:01:37.547422+00:00] Placement denied for plant 12 at (54, 1): plant already occupies cell
[2026-09-12T12:01:37.547425+00:00] Placement denied for plant 19 at (28, 17): plant already occupies cell
[2026-09-12T12:01:37.547428+00:00] Placement denied for plant 19 at (69, 98): plant already occupies cell
[2026-09-12T12:01:37.547431+00:00] Placement denied for plant 19 at (2, 33): plant already occupies cell
[2026-09-12T12:01:37.582449+00:00] Placement denied for plant 2 at (0, 0): plant already occupies cell
[2026-09-12T12:01:37.582471+00:00] Placement denied for plant 2 at (41, 81): plant already occupies cell
[2026-09-12T12:01:37.582476+00:00] Placement denied for plant 2 at (15, 97): plant already occupies cell
[2026-09-12T12:01:37.582479+00:00] Placement denied for plant 6 at (57, 78): plant already occupies cell
[2026-09-12T12:01:37.582482+00:00] Placement denied for plant 6 at (31, 94): plant already occupies cell
[2026-09-12T12:01:37.582485+00:00] Placement denied for plant 6 at (6, 10): plant already occupies cell
[2026-09-12T12:01:37.582488+00:00] Placement denied for plant 5 at (47, 91): plant already occupies cell
[2026-09-12T12:01:37.582491+00:00] Placement denied for plant 5 at (22, 7): plant already occupies cell
[2026-09-12T12:01:37.582494+00:00] Placement denied for plant 5 at (63, 88): plant already occupies cell
[2026-09-12T12:01:37.582497+00:00] Placement denied for plant 12 at (38, 4): plant already occupies cell
[2026-09-12T12:01:37.582500+00:00] Placement denied for plant 12 at (12, 20): plant already occupies cell
[2026-09-12T12:01:37.582503+00:00] Placement denied for plant 12 at (54, 1): plant already occupies cell
[2026-09-12T12:01:37.582506+00:00] Placement denied for plant 19 at (28, 17): plant already occupies cell
[2026-09-12T12:01:37.582509+00:00] Placement denied for plant 19 at (69, 98): plant already occupies cell
[2026-09-12T12:01:37.582512+00:00] Placement denied for plant 19 at (2, 33): plant already occupies cell
[2026-09-12T12:01:37.621864+00:00] Placement denied for plant 2 at (0, 0): plant already occupies cell
[2026-09-12T12:01:37.621884+00:00] Placement denied for plant 2 at (41, 81): plant already occupies cell
[2026-09-12T12:01:37.621889+00:00] Placement denied for plant 2 at (15, 97): plant already occupies cell
[2026-09-12T12:01:37.621892+00:00] Placement denied for plant 6 at (57, 78): plant already occupies cell
[2026-09-12T12:01:37.621895+00:00] Placement denied for plant 6 at (31, 94): plant already occupies cell
[2026-09-12T12:01:37.621898+00:00] Placement denied for plant 6 at (6, 10): plant already occupies cell
[2026-09-12T12:01:37.621901+00:00] Placement denied for plant 5 at (47, 91): plant already occupies cell
[2026-09-12T12:01:37.621904+00:00] Placement denied for plant 5 at (22, 7): plant already occupies cell
[2026-09-12T12:01:37.621908+00:00] Placement denied for plant 5 at (63, 88): plant already occupies cell
[2026-09-12T12:01:37.621911+00:00] Placement denied for plant 12 at (38, 4): plant already occupies cell
[2026-09-12T12:01:37.621914+00:00] Placement denied for plant 12 at (12, 20): plant already occupies cell
[2026-09-12T12:01:37.621917+00:00] Placement denied for plant 12 at (54, 1): plant already occupies cell
[2026-09-12T12:01:37.621920+00:00] Placement denied for plant 19 at (28, 17): plant already occupies cell
[2026-09-12T12:01:37.621923+00:00] Placement denied for plant 19 at (69, 98): plant already occupies cell
[2026-09-12T12:01:37.621926+00:00] Placement denied for plant 19 at (2, 33): plant already occupies cell
[2026-09-12T12:01:37.751475+00:00] Placement denied for plant 2 at (0, 0): plant already occupies cell
[2026-09-12T12:01:37.751500+00:00] Placement denied for plant 2 at (41, 81): plant already occupies cell
[2026-09-12T12:01:37.751505+00:00] Placement denied for plant 2 at (15, 97): plant already occupies cell
[2026-09-12T12:01:37.751508+00:00] Placement denied for plant 6 at (57, 78): plant already occupies cell
[2026-09-12T12:01:37.751511+00:00] Placement denied for plant 6 at (31, 94): plant already occupies cell
[2026-09-12T12:01:37.751620+00:00] Placement denied for plant 5 at (47, 91): plant already occupies cell
[2026-09-12T12:01:37.751624+00:00] Placement denied for plant 5 at (22, 7): plant already occupies cell
[2026-09-12T12:01:37.751627+00:00] Placement denied for plant 5 at (63, 88): plant already occupies cell
[2026-09-12T12:01:37.751630+00:00] Placement denied for plant 12 at (38, 4): plant already occupies cell
[2026-09-12T12:01:37.751633+00:00] Placement denied for plant 12 at (12, 20): plant already occupies cell
[2026-09-12T12:01:37.751637+00:00] Placement denied for plant 12 at (54, 1): plant already occupies cell
[2026-09-12T12:01:37.751640+00:00] Placement denied for plant 19 at (28, 17): plant already occupies cell
[2026-09-12T12:01:37.751643+00:00] Placement denied for plant 19 at (69, 98): plant already occupies cell
[2026-09-12T12:01:37.751647+00:00] Placement denied for plant 19 at (2, 33): plant already occupies cell
[2026-09-12T12:01:37.789008+00:00] Placement denied for plant 2 at (0, 0): plant already occupies cell
[2026-09-12T12:01:37.789030+00:00] Placement denied for plant 2 at (41, 81): plant already occupies cell
[2026-09-12T12:01:37.789034+00:00] Placement denied for plant 2 at (15, 97): plant already occupies cell
[2026-09-12T12:01:37.789037+00:00] Placement denied for plant 6 at (57, 78): plant already occupies cell
[2026-09-12T12:01:37.789040+00:00] Placement denied for plant 6 at (31, 94): plant already occupies cell
[2026-09-12T12:01:37.789044+00:00] Placement denied for plant 6 at (6, 10): plant already occupies cell
[2026-09-12T12:01:37.789047+00:00] Placement denied for plant 5 at (47, 91): plant already occupies cell
[2026-09-12T12:01:37.789051+00:00] Placement denied for plant 5 at (22, 7): plant already occupies cell
[2026-09-12T12:01:37.789054+00:00] Placement denied for plant 5 at (63, 88): plant already occupies cell
[2026-09-12T12:01:37.789057+00:00] Placement denied for plant 12 at (38, 4): plant already occupies cell
[2026-09-12T12:01:37.789060+00:00] Placement denied for plant 12 at (12, 20): plant already occupies cell
[2026-09-12T12:01:37.789063+00:00] Placement denied for plant 12 at (54, 1): plant already occupies cell
[2026-09-12T12:01:37.789066+00:00] Placement denied for plant 19 at (28, 17): plant already occupies cell
[2026-09-12T12:01:37.789069+00:00] Placement denied for plant 19 at (69, 98): plant already occupies cell
[2026-09-12T12:01:37.789072+00:00] Placement denied for plant 19 at (2, 33): plant already occupies cell
[2026-09-12T12:01:37.828871+00:00] Placement denied for plant 2 at (0, 0): plant already occupies cell
[2026-09-12T12:01:37.828891+00:00] Placement denied for plant 2 at (41, 81): plant already occupies cell
[2026-09-12T12:01:37.828895+00:00] Placement denied for plant 2 at (15, 97): plant already occupies cell
[2026-09-12T12:01:37.828899+00:00] Placement denied for plant 6 at (57, 78): plant already occupies cell
[2026-09-12T12:01:37.828902+00:00] Placement denied for plant 6 at (31, 94): plant already occupies cell
[2026-09-12T12:01:37.828905+00:00] Placement denied for plant 6 at (6, 10): plant already occupies cell
[2026-09-12T12:01:37.828908+00:00] Placement denied for plant 5 at (47, 91): plant already occupies cell
[2026-09-12T12:01:37.828911+00:00] Placement denied for plant 5 at (22, 7): plant already occupies cell
[2026-09-12T12:01:37.828914+00:00] Placement denied for plant 5 at (63, 88): plant already occupies cell
[2026-09-12T12:01:37.828917+00:00] Placement denied for plant 12 at (38, 4): plant already occupies cell
[2026-09-12T12:01:37.828921+00:00] Placement denied for plant 12 at (12, 20): plant already occupies cell
[2026-09-12T12:01:37.828924+00:00] Placement denied for plant 12 at (54, 1): plant already occupies cell
[2026-09-12T12:01:37.828927+00:00] Placement denied for plant 19 at (28, 17): plant already occupies cell
[2026-09-12T12:01:37.828930+00:00] Placement denied for plant 19 at (69, 98): plant already occupies cell
[2026-09-12T12:01:37.828933+00:00] Placement denied for plant 19 at (2, 33): plant already occupies cell
[2026-09-12T12:01:37.863851+00:00] Placement denied for plant 2 at (0, 0): plant already occupies cell
[2026-09-12T12:01:37.863872+00:00] Placement denied for plant 2 at (41, 81): plant already occupies cell
[2026-09-12T12:01:37.863876+00:00] Placement denied for plant 2 at (15, 97): plant already occupies cell
[2026-09-12T12:01:37.863880+00:00] Placement denied for plant 6 at (57, 78): plant already occupies cell
[2026-09-12T12:01:37.863883+00:00] Placement denied for plant 6 at (31, 94): plant already occupies cell
[2026-09-12T12:01:37.863886+00:00] Placement denied for plant 6 at (6, 10): plant already occupies cell
[2026-09-12T12:01:37.863889+00:00] Placement denied for plant 5 at (47, 91): plant already occupies cell
[2026-09-12T12:01:37.863892+00:00] Placement denied for plant 5 at (22, 7): plant already occupies cell
[2026-09-12T12:01:37.863895+00:00] Placement denied for plant 5 at (63, 88): plant already occupies cell
[2026-09-12T12:01:37.863898+00:00] Placement denied for plant 12 at (38, 4): plant already occupies cell
[2026-09-12T12:01:37.863901+00:00] Placement denied for plant 12 at (12, 20): plant already occupies cell
[2026-09-12T12:01:37.863904+00:00] Placement denied for plant 12 at (54, 1): plant already occupies cell
[2026-09-12T12:01:37.863907+00:00] Placement denied for plant 19 at (28, 17): plant already occupies cell
[2026-09-12T12:01:37.863910+00:00] Placement denied for plant 19 at (69, 98): plant already occupies cell
[2026-09-12T12:01:37.863913+00:00] Placement denied for plant 19 at (2, 33): plant already occupies cell
[2026-09-12T12:01:37.900588+00:00] Placement denied for plant 2 at (0, 0): plant already occupies cell
[2026-09-12T12:01:37.900609+00:00] Placement denied for plant 2 at (41, 81): plant already occupies cell
[2026-09-12T12:01:37.900613+00:00] Placement denied for plant 2 at (15, 97): plant already occupies cell
[2026-09-12T12:01:37.900617+00:00] Placement denied for plant 6 at (57, 78): plant already occupies cell
[2026-09-12T12:01:37.900620+00:00] Placement denied for plant 6 at (31, 94): plant already occupies cell
[2026-09-12T12:01:37.900624+00:00] Placement denied for plant 6 at (6, 10): plant already occupies cell
[2026-09-12T12:01:37.900627+00:00] Placement denied for plant 5 at (47, 91): plant already occupies cell
[2026-09-12T12:01:37.900630+00:00] Placement denied for plant 5 at (22, 7): plant already occupies cell
[2026-09-12T12:01:37.900634+00:00] Placement denied for plant 5 at (63, 88): plant already occupies cell
[2026-09-12T12:01:37.900637+00:00] Placement denied for plant 12 at (38, 4): plant already occupies cell
[2026-09-12T12:01:37.900640+00:00] Placement denied for plant 12 at (12, 20): plant already occupies cell
[2026-09-12T12:01:37.900643+00:00] Placement denied for plant 12 at (54, 1): plant already occupies cell
[2026-09-12T12:01:37.900647+00:00] Placement denied for plant 19 at (28, 17): plant already occupies cell
[2026-09-12T12:01:37.900650+00:00] Placement denied for plant 19 at (69, 98): plant already occupies cell
[2026-09-12T12:01:37.900653+00:00] Placement denied for plant 19 at (2, 33): plant already occupies cell
[2026-09-12T12:01:37.938623+00:00] Placement denied for plant 2 at (0, 0): plant already occupies cell
[2026-09-12T12:01:37.938644+00:00] Placement denied for plant 2 at (41, 81): plant already occupies cell
[2026-09-12T12:01:37.938648+00:00] Placement denied for plant 2 at (15, 97): plant already occupies cell
[2026-09-12T12:01:37.938651+00:00] Placement denied for plant 6 at (57, 78): plant already occupies cell
[2026-09-12T12:01:37.938655+00:00] Placement denied for plant 6 at (31, 94): plant already occupies cell
[2026-09-12T12:01:37.938658+00:00] Placement denied for plant 6 at (6, 10): plant already occupies cell
[2026-09-12T12:01:37.938661+00:00] Placement denied for plant 5 at (47, 91): plant already occupies cell
[2026-09-12T12:01:37.938664+00:00] Placement denied for plant 5 at (22, 7): plant already occupies cell
[2026-09-12T12:01:37.938667+00:00] Placement denied for plant 5 at (63, 88): plant already occupies cell
[2026-09-12T12:01:37.938670+00:00] Placement denied for plant 12 at (38, 4): plant already occupies cell
[2026-09-12T12:01:37.938673+00:00] Placement denied for plant 12 at (12, 20): plant already occupies cell
[2026-09-12T12:01:37.938676+00:00] Placement denied for plant 12 at (54, 1): plant already occupies cell
[2026-09-12T12:01:37.938679+00:00] Placement denied for plant 19 at (28, 17): plant already occupies cell
[2026-09-12T12:01:37.938682+00:00] Placement denied for plant 19 at (69, 98): plant already occupies cell
[2026-09-12T12:01:37.938685+00:00] Placement denied for plant 19 at (2, 33): plant already occupies cell
[2026-09-12T12:01:38.003479+00:00] Placement denied for plant 2 at (0, 0): plant already occupies cell
[2026-09-12T12:01:38.003501+00:00] Placement denied for plant 2 at (41, 81): plant already occupies cell
[2026-09-12T12:01:38.003507+00:00] Placement denied for plant 2 at (15, 97): plant already occupies cell
[2026-09-12T12:01:38.003510+00:00] Placement denied for plant 6 at (57, 78): plant already occupies cell
[2026-09-12T12:01:38.003651+00:00] Placement denied for plant 5 at (47, 91): plant already occupies cell
[2026-09-12T12:01:38.003655+00:00] Placement denied for plant 5 at (22, 7): plant already occupies cell
[2026-09-12T12:01:38.003658+00:00] Placement denied for plant 5 at (63, 88): plant already occupies cell
[2026-09-12T12:01:38.003661+00:00] Placement denied for plant 12 at (38, 4): plant already occupies cell
[2026-09-12T12:01:38.003665+00:00] Placement denied for plant 12 at (12, 20): plant already occupies cell
[2026-09-12T12:01:38.003668+00:00] Placement denied for plant 12 at (54, 1): plant already occupies cell
[2026-09-12T12:01:38.003671+00:00] Placement denied for plant 19 at (28, 17): plant already occupies cell
[2026-09-12T12:01:38.003674+00:00] Placement denied for plant 19 at (69, 98): plant already occupies cell
[2026-09-12T12:01:38.003677+00:00] Placement denied for plant 19 at (2, 33): plant already occupies cell
[2026-09-12T12:01:38.037095+00:00] Placement denied for plant 2 at (0, 0): plant already occupies cell
[2026-09-12T12:01:38.037117+00:00] Placement denied for plant 2 at (41, 81): plant already occupies cell
[2026-09-12T12:01:38.037121+00:00] Placement denied for plant 2 at (15, 97): plant already occupies cell
[2026-09-12T12:01:38.037124+00:00] Placement denied for plant 6 at (57, 78): plant already occupies cell
[2026-09-12T12:01:38.037127+00:00] Placement denied for plant 6 at (31, 94): plant already occupies cell
[2026-09-12T12:01:38.037131+00:00] Placement denied for plant 6 at (6, 10): plant already occupies cell
[2026-09-12T12:01:38.037134+00:00] Placement denied for plant 5 at (47, 91): plant already occupies cell
[2026-09-12T12:01:38.037137+00:00] Placement denied for plant 5 at (22, 7): plant already occupies cell
[2026-09-12T12:01:38.037140+00:00] Placement denied for plant 5 at (63, 88): plant already occupies cell
[2026-09-12T12:01:38.037143+00:00] Placement denied for plant 12 at (38, 4): plant already occupies cell
[2026-09-12T12:01:38.037145+00:00] Placement denied for plant 12 at (12, 20): plant already occupies cell
[2026-09-12T12:01:38.037148+00:00] Placement denied for plant 12 at (54, 1): plant already occupies cell
[2026-09-12T12:01:38.037151+00:00] Placement denied for plant 19 at (28, 17): plant already occupies cell
[2026-09-12T12:01:38.037154+00:00] Placement denied for plant 19 at (69, 98): plant already occupies cell
[2026-09-12T12:01:38.037157+00:00] Placement denied for plant 19 at (2, 33): plant already occupies cell
[2026-09-12T12:01:38.085826+00:00] Placement denied for plant 2 at (0, 0): plant already occupies cell
[2026-09-12T12:01:38.085939+00:00] Placement denied for plant 2 at (15, 97): plant already occupies cell
[2026-09-12T12:01:38.085944+00:00] Placement denied for plant 6 at (57, 78): plant already occupies cell
[2026-09-12T12:01:38.085996+00:00] Placement denied for plant 6 at (6, 10): plant already occupies cell
[2026-09-12T12:01:38.086000+00:00] Placement denied for plant 5 at (47, 91): plant already occupies cell
[2026-09-12T12:01:38.086003+00:00] Placement denied for plant 5 at (22, 7): plant already occupies cell
[2026-09-12T12:01:38.086006+00:00] Placement denied for plant 5 at (63, 88): plant already occupies cell
[2026-09-12T12:01:38.086009+00:00] Placement denied for plant 12 at (38, 4): plant already occupies cell
[2026-09-12T12:01:38.086012+00:00] Placement denied for plant 12 at (12, 20): plant already occupies cell
[2026-09-12T12:01:38.086015+00:00] Placement denied for plant 12 at (54, 1): plant already occupies cell
[2026-09-12T12:01:38.086018+00:00] Placement denied for plant 19 at (28, 17): plant already occupies cell
[2026-09-12T12:01:38.086021+00:00] Placement denied for plant 19 at (69, 98): plant already occupies cell
[2026-09-12T12:01:38.086024+00:00] Placement denied for plant 19 at (2, 33): plant already occupies cell
[2026-09-12T12:01:38.119802+00:00] Placement denied for plant 2 at (0, 0): plant already occupies cell
[2026-09-12T12:01:38.119823+00:00] Placement denied for plant 2 at (41, 81): plant already occupies cell
[2026-09-12T12:01:38.119827+00:00] Placement denied for plant 2 at (15, 97): plant already occupies cell
[2026-09-12T12:01:38.119830+00:00] Placement denied for plant 6 at (57, 78): plant already occupies cell
[2026-09-12T12:01:38.119833+00:00] Placement denied for plant 6 at (31, 94): plant already occupies cell
[2026-09-12T12:01:38.119836+00:00] Placement denied for plant 6 at (6, 10): plant already occupies cell
[2026-09-12T12:01:38.119839+00:00] Placement denied for plant 5 at (47, 91): plant already occupies cell
[2026-09-12T12:01:38.119842+00:00] Placement denied for plant 5 at (22, 7): plant already occupies cell
[2026-09-12T12:01:38.119845+00:00] Placement denied for plant 5 at (63, 88): plant already occupies cell
[2026-09-12T12:01:38.119848+00:00] Placement denied for plant 12 at (38, 4): plant already occupies cell
[2026-09-12T12:01:38.119851+00:00] Placement denied for plant 12 at (12, 20): plant already occupies cell
[2026-09-12T12:01:38.119854+00:00] Placement denied for plant 12 at (54, 1): plant already occupies cell
[2026-09-12T12:01:38.119857+00:00] Placement denied for plant 19 at (28, 17): plant already occupies cell
[2026-09-12T12:01:38.119860+00:00] Placement denied for plant 19 at (69, 98): plant already occupies cell
[2026-09-12T12:01:38.119863+00:00] Placement denied for plant 19 at (2, 33): plant already occupies cell
[2026-09-12T12:01:38.154137+00:00] Placement denied for plant 2 at (0, 0): plant already occupies cell
[2026-09-12T12:01:38.154158+00:00] Placement denied for plant 2 at (41, 81): plant already occupies cell
[2026-09-12T12:01:38.154163+00:00] Placement denied for plant 2 at (15, 97): plant already occupies cell
[2026-09-12T12:01:38.154166+00:00] Placement denied for plant 6 at (57, 78): plant already occupies cell
[2026-09-12T12:01:38.154170+00:00] Placement denied for plant 6 at (31, 94): plant already occupies cell
[2026-09-12T12:01:38.154174+00:00] Placement denied for plant 6 at (6, 10): plant already occupies cell
[2026-09-12T12:01:38.154177+00:00] Placement denied for plant 5 at (47, 91): plant already occupies cell
[2026-09-12T12:01:38.154180+00:00] Placement denied for plant 5 at (22, 7): plant already occupies cell
[2026-09-12T12:01:38.154183+00:00] Placement denied for plant 5 at (63, 88): plant already occupies cell
[2026-09-12T12:01:38.154186+00:00] Placement denied for plant 12 at (38, 4): plant already occupies cell
[2026-09-12T12:01:38.154189+00:00] Placement denied for plant 12 at (12, 20): plant already occupies cell
[2026-09-12T12:01:38.154192+00:00] Placement denied for plant 12 at (54, 1): plant already occupies cell
[2026-09-12T12:01:38.154195+00:00] Placement denied for plant 19 at (28, 17): plant already occupies cell
[2026-09-12T12:01:38.154198+00:00] Placement denied for plant 19 at (69, 98): plant already occupies cell
[2026-09-12T12:01:38.154201+00:00] Placement denied for plant 19 at (2, 33): plant already occupies cell
[2026-09-12T12:01:38.186973+00:00] Placement denied for plant 2 at (0, 0): plant already occupies cell
[2026-09-12T12:01:38.186994+00:00] Placement denied for plant 2 at (41, 81): plant already occupies cell
[2026-09-12T12:01:38.186999+00:00] Placement denied for plant 2 at (15, 97): plant already occupies cell
[2026-09-12T12:01:38.187002+00:00] Placement denied for plant 6 at (57, 78): plant already occupies cell
[2026-09-12T12:01:38.187005+00:00] Placement denied for plant 6 at (31, 94): plant already occupies cell
[2026-09-12T12:01:38.187008+00:00] Placement denied for plant 6 at (6, 10): plant already occupies cell
[2026-09-12T12:01:38.187011+00:00] Placement denied for plant 5 at (47, 91): plant already occupies cell
[2026-09-12T12:01:38.187015+00:00] Placement denied for plant 5 at (22, 7): plant already occupies cell
[2026-09-12T12:01:38.187018+00:00] Placement denied for plant 5 at (63, 88): plant already occupies cell
[2026-09-12T12:01:38.187021+00:00] Placement denied for plant 12 at (38, 4): plant already occupies cell
[2026-09-12T12:01:38.187024+00:00] Placement denied for plant 12 at (12, 20): plant already occupies cell
[2026-09-12T12:01:38.187027+00:00] Placement denied for plant 12 at (54, 1): plant already occupies cell
[2026-09-12T12:01:38.187030+00:00] Placement denied for plant 19 at (28, 17): plant already occupies cell
[2026-09-12T12:01:38.187033+00:00] Placement denied for plant 19 at (69, 98): plant already occupies cell
[2026-09-12T12:01:38.187036+00:00] Placement denied for plant 19 at (2, 33): plant already occupies cell
[2026-09-12T12:01:38.243958+00:00] Placement denied for plant 2 at (0, 0): plant already occupies cell
[2026-09-12T12:01:38.243982+00:00] Placement denied for plant 2 at (41, 81): plant already occupies cell
[2026-09-12T12:01:38.243987+00:00] Placement denied for plant 2 at (15, 97): plant already occupies cell
[2026-09-12T12:01:38.243991+00:00] Placement denied for plant 6 at (57, 78): plant already occupies cell
[2026-09-12T12:01:38.243994+00:00] Placement denied for plant 6 at (31, 94): plant already occupies cell
[2026-09-12T12:01:38.243997+00:00] Placement denied for plant 6 at (6, 10): plant already occupies cell
[2026-09-12T12:01:38.244001+00:00] Placement denied for plant 5 at (47, 91): plant already occupies cell
[2026-09-12T12:01:38.244109+00:00] Placement denied for plant 5 at (63, 88): plant already occupies cell
[2026-09-12T12:01:38.244113+00:00] Placement denied for plant 12 at (38, 4): plant already occupies cell
[2026-09-12T12:01:38.244116+00:00] Placement denied for plant 12 at (12, 20): plant already occupies cell
[2026-09-12T12:01:38.244119+00:00] Placement denied for plant 12 at (54, 1): plant already occupies cell
[2026-09-12T12:01:38.244222+00:00] Placement denied for plant 19 at (69, 98): plant already occupies cell
[2026-09-12T12:01:38.277338+00:00] Placement denied for plant 2 at (0, 0): plant already occupies cell
[2026-09-12T12:01:38.277360+00:00] Placement denied for plant 2 at (41, 81): plant already occupies cell
[2026-09-12T12:01:38.277364+00:00] Placement denied for plant 2 at (15, 97): plant already occupies cell
[2026-09-12T12:01:38.277367+00:00] Placement denied for plant 6 at (57, 78): plant already occupies cell
[2026-09-12T12:01:38.277370+00:00] Placement denied for plant 6 at (31, 94): plant already occupies cell
[2026-09-12T12:01:38.277373+00:00] Placement denied for plant 6 at (6, 10): plant already occupies cell
[2026-09-12T12:01:38.277376+00:00] Placement denied for plant 5 at (47, 91): plant already occupies cell
[2026-09-12T12:01:38.277379+00:00] Placement denied for plant 5 at (22, 7): plant already occupies cell
[2026-09-12T12:01:38.277382+00:00] Placement denied for plant 5 at (63, 88): plant already occupies cell
[2026-09-12T12:01:38.277385+00:00] Placement denied for plant 12 at (38, 4): plant already occupies cell
[2026-09-12T12:01:38.277388+00:00] Placement denied for plant 12 at (12, 20): plant already occupies cell
[2026-09-12T12:01:38.277391+00:00] Placement denied for plant 12 at (54, 1): plant already occupies cell
[2026-09-12T12:01:38.277394+00:00] Placement denied for plant 19 at (28, 17): plant already occupies cell
[2026-09-12T12:01:38.277397+00:00] Placement denied for plant 19 at (69, 98): plant already occupies cell
[2026-09-12T12:01:38.277400+00:00] Placement denied for plant 19 at (2, 33): plant already occupies cell
[2026-09-12T12:01:38.320876+00:00] Placement denied for plant 2 at (0, 0): plant already occupies cell
[2026-09-12T12:01:38.320898+00:00] Placement denied for plant 2 at (41, 81): plant already occupies cell
[2026-09-12T12:01:38.320903+00:00] Placement denied for plant 2 at (15, 97): plant already occupies cell
[2026-09-12T12:01:38.320906+00:00] Placement denied for plant 6 at (57, 78): plant already occupies cell
[2026-09-12T12:01:38.320909+00:00] Placement denied for plant 6 at (31, 94): plant already occupies cell
[2026-09-12T12:01:38.320912+00:00] Placement denied for plant 6 at (6, 10): plant already occupies cell
[2026-09-12T12:01:38.320915+00:00] Placement denied for plant 5 at (47, 91): plant already occupies cell
[2026-09-12T12:01:38.320918+00:00] Placement denied for plant 5 at (22, 7): plant already occupies cell
[2026-09-12T12:01:38.320921+00:00] Placement denied for plant 5 at (63, 88): plant already occupies cell
[2026-09-12T12:01:38.320924+00:00] Placement denied for plant 12 at (38, 4): plant already occupies cell
[2026-09-12T12:01:38.320927+00:00] Placement denied for plant 12 at (12, 20): plant already occupies cell
[2026-09-12T12:01:38.320930+00:00] Placement denied for plant 12 at (54, 1): plant already occupies cell
[2026-09-12T12:01:38.320933+00:00] Placement denied for plant 19 at (28, 17): plant already occupies cell
[2026-09-12T12:01:38.320936+00:00] Placement denied for plant 19 at (69, 98): plant already occupies cell
[2026-09-12T12:01:38.320939+00:00] Placement denied for plant 19 at (2, 33): plant already occupies cell
[2026-09-12T12:01:38.352246+00:00] Placement denied for plant 2 at (0, 0): plant already occupies cell
[2026-09-12T12:01:38.352268+00:00] Placement denied for plant 2 at (41, 81): plant already occupies cell
[2026-09-12T12:01:38.352273+00:00] Placement denied for plant 2 at (15, 97): plant already occupies cell
[2026-09-12T12:01:38.352276+00:00] Placement denied for plant 6 at (57, 78): plant already occupies cell
[2026-09-12T12:01:38.352279+00:00] Placement denied for plant 6 at (31, 94): plant already occupies cell
[2026-09-12T12:01:38.352282+00:00] Placement denied for plant 6 at (6, 10): plant already occupies cell
[2026-09-12T12:01:38.352285+00:00] Placement denied for plant 5 at (47, 91): plant already occupies cell
[2026-09-12T12:01:38.352288+00:00] Placement denied for plant 5 at (22, 7): plant already occupies cell
[2026-09-12T12:01:38.352291+00:00] Placement denied for plant 5 at (63, 88): plant already occupies cell
[2026-09-12T12:01:38.352294+00:00] Placement denied for plant 12 at (38, 4): plant already occupies cell
[2026-09-12T12:01:38.352297+00:00] Placement denied for plant 12 at (12, 20): plant already occupies cell
[2026-09-12T12:01:38.352300+00:00] Placement denied for plant 12 at (54, 1): plant already occupies cell
[2026-09-12T12:01:38.352303+00:00] Placement denied for plant 19 at (28, 17): plant already occupies cell
[2026-09-12T12:01:38.352306+00:00] Placement denied for plant 19 at (69, 98): plant already occupies cell
[2026-09-12T12:01:38.352309+00:00] Placement denied for plant 19 at (2, 33): plant already occupies cell
[2026-09-12T12:01:38.387360+00:00] Placement denied for plant 2 at (0, 0): plant already occupies cell
[2026-09-12T12:01:38.387465+00:00] Placement denied for plant 2 at (15, 97): plant already occupies cell
[2026-09-12T12:01:38.387470+00:00] Placement denied for plant 6 at (57, 78): plant already occupies cell
[2026-09-12T12:01:38.387474+00:00] Placement denied for plant 6 at (31, 94): plant already occupies cell
[2026-09-12T12:01:38.387477+00:00] Placement denied for plant 6 at (6, 10): plant already occupies cell
[2026-09-12T12:01:38.387480+00:00] Placement denied for plant 5 at (47, 91): plant already occupies cell
[2026-09-12T12:01:38.387483+00:00] Placement denied for plant 5 at (22, 7): plant already occupies cell
[2026-09-12T12:01:38.387486+00:00] Placement denied for plant 5 at (63, 88): plant already occupies cell
[2026-09-12T12:01:38.387489+00:00] Placement denied for plant 12 at (38, 4): plant already occupies cell
[2026-09-12T12:01:38.387492+00:00] Placement denied for plant 12 at (12, 20): plant already occupies cell
[2026-09-12T12:01:38.387495+00:00] Placement denied for plant 12 at (54, 1): plant already occupies cell
[2026-09-12T12:01:38.387498+00:00] Placement denied for plant 19 at (28, 17): plant already occupies cell
[2026-09-12T12:01:38.387501+00:00] Placement denied for plant 19 at (69, 98): plant already occupies cell
[2026-09-12T12:01:38.387505+00:00] Placement denied for plant 19 at (2, 33): plant already occupies cell
[2026-09-12T12:01:38.419570+00:00] Placement denied for plant 2 at (0, 0): plant already occupies cell
[2026-09-12T12:01:38.419590+00:00] Placement denied for plant 2 at (41, 81): plant already occupies cell
[2026-09-12T12:01:38.419594+00:00] Placement denied for plant 2 at (15, 97): plant already occupies cell
[2026-09-12T12:01:38.419597+00:00] Placement denied for plant 6 at (57, 78): plant already occupies cell
[2026-09-12T12:01:38.419600+00:00] Placement denied for plant 6 at (31, 94): plant already occupies cell
[2026-09-12T12:01:38.419603+00:00] Placement denied for plant 6 at (6, 10): plant already occupies cell
[2026-09-12T12:01:38.419606+00:00] Placement denied for plant 5 at (47, 91): plant already occupies cell
[2026-09-12T12:01:38.419609+00:00] Placement denied for plant 5 at (22, 7): plant already occupies cell
[2026-09-12T12:01:38.419612+00:00] Placement denied for plant 5 at (63, 88): plant already occupies cell
[2026-09-12T12:01:38.419615+00:00] Placement denied for plant 12 at (38, 4): plant already occupies cell
[2026-09-12T12:01:38.419618+00:00] Placement denied for plant 12 at (12, 20): plant already occupies cell
[2026-09-12T12:01:38.419621+00:00] Placement denied for plant 12 at (54, 1): plant already occupies cell
[2026-09-12T12:01:38.419624+00:00] Placement denied for plant 19 at (28, 17): plant already occupies cell
[2026-09-12T12:01:38.419630+00:00] Placement denied for plant 19 at (69, 98): plant already occupies cell
[2026-09-12T12:01:38.419633+00:00] Placement denied for plant 19 at (2, 33): plant already occupies cell
[2026-09-12T12:01:38.476499+00:00] Placement denied for plant 2 at (0, 0): plant already occupies cell
[2026-09-12T12:01:38.476520+00:00] Placement denied for plant 2 at (41, 81): plant already occupies cell
[2026-09-12T12:01:38.476525+00:00] Placement denied for plant 2 at (15, 97): plant already occupies cell
[2026-09-12T12:01:38.476529+00:00] Placement denied for plant 6 at (57, 78): plant already occupies cell
[2026-09-12T12:01:38.476532+00:00] Placement denied for plant 6 at (31, 94): plant already occupies cell
[2026-09-12T12:01:38.476629+00:00] Placement denied for plant 5 at (47, 91): plant already occupies cell
[2026-09-12T12:01:38.476698+00:00] Placement denied for plant 5 at (63, 88): plant already occupies cell
[2026-09-12T12:01:38.476702+00:00] Placement denied for plant 12 at (38, 4): plant already occupies cell
[2026-09-12T12:01:38.476706+00:00] Placement denied for plant 12 at (12, 20): plant already occupies cell
[2026-09-12T12:01:38.476709+00:00] Placement denied for plant 12 at (54, 1): plant already occupies cell
[2026-09-12T12:01:38.476770+00:00] Placement denied for plant 19 at (69, 98): plant already occupies cell
[2026-09-12T12:01:38.508752+00:00] Placement denied for plant 2 at (0, 0): plant already occupies cell
[2026-09-12T12:01:38.508773+00:00] Placement denied for plant 2 at (41, 81): plant already occupies cell
[2026-09-12T12:01:38.508778+00:00] Placement denied for plant 2 at (15, 97): plant already occupies cell
[2026-09-12T12:01:38.508781+00:00] Placement denied for plant 6 at (57, 78): plant already occupies cell
[2026-09-12T12:01:38.508784+00:00] Placement denied for plant 6 at (31, 94): plant already occupies cell
[2026-09-12T12:01:38.508787+00:00] Placement denied for plant 6 at (6, 10): plant already occupies cell
[2026-09-12T12:01:38.508790+00:00] Placement denied for plant 5 at (47, 91): plant already occupies cell
[2026-09-12T12:01:38.508793+00:00] Placement denied for plant 5 at (22, 7): plant already occupies cell
[2026-09-12T12:01:38.508796+00:00] Placement denied for plant 5 at (63, 88): plant already occupies cell
[2026-09-12T12:01:38.508799+00:00] Placement denied for plant 12 at (38, 4): plant already occupies cell
[2026-09-12T12:01:38.508802+00:00] Placement denied for plant 12 at (12, 20): plant already occupies cell
[2026-09-12T12:01:38.508805+00:00] Placement denied for plant 12 at (54, 1): plant already occupies cell
[2026-09-12T12:01:38.508808+00:00] Placement denied for plant 19 at (28, 17): plant already occupies cell
[2026-09-12T12:01:38.508811+00:00] Placement denied for plant 19 at (69, 98): plant already occupies cell
[2026-09-12T12:01:38.508814+00:00] Placement denied for plant 19 at (2, 33): plant already occupies cell
[2026-09-12T12:01:38.551635+00:00] Placement denied for plant 2 at (0, 0): plant already occupies cell
[2026-09-12T12:01:38.551658+00:00] Placement denied for plant 2 at (41, 81): plant already occupies cell
[2026-09-12T12:01:38.551663+00:00] Placement denied for plant 2 at (15, 97): plant already occupies cell
[2026-09-12T12:01:38.551666+00:00] Placement denied for plant 6 at (57, 78): plant already occupies cell
[2026-09-12T12:01:38.551670+00:00] Placement denied for plant 6 at (31, 94): plant already occupies cell
[2026-09-12T12:01:38.551673+00:00] Placement denied for plant 6 at (6, 10): plant already occupies cell
[2026-09-12T12:01:38.551676+00:00] Placement denied for plant 5 at (47, 91): plant already occupies cell
[2026-09-12T12:01:38.551679+00:00] Placement denied for plant 5 at (22, 7): plant already occupies cell
[2026-09-12T12:01:38.551682+00:00] Placement denied for plant 5 at (63, 88): plant already occupies cell
[2026-09-12T12:01:38.551685+00:00] Placement denied for plant 12 at (38, 4): plant already occupies cell
[2026-09-12T12:01:38.551688+00:00] Placement denied for plant 12 at (12, 20): plant already occupies cell
[2026-09-12T12:01:38.551691+00:00] Placement denied for plant 12 at (54, 1): plant already occupies cell
[2026-09-12T12:01:38.551694+00:00] Placement denied for plant 19 at (28, 17): plant already occupies cell
[2026-09-12T12:01:38.551697+00:00] Placement denied for plant 19 at (69, 98): plant already occupies cell
[2026-09-12T12:01:38.551700+00:00] Placement denied for plant 19 at (2, 33): plant already occupies cell
[2026-09-12T12:01:38.584043+00:00] Placement denied for plant 2 at (0, 0): plant already occupies cell
[2026-09-12T12:01:38.584062+00:00] Placement denied for plant 2 at (41, 81): plant already occupies cell
[2026-09-12T12:01:38.584066+00:00] Placement denied for plant 2 at (15, 97): plant already occupies cell
[2026-09-12T12:01:38.584069+00:00] Placement denied for plant 6 at (57, 78): plant already occupies cell
[2026-09-12T12:01:38.584072+00:00] Placement denied for plant 6 at (31, 94): plant already occupies cell
[2026-09-12T12:01:38.584075+00:00] Placement denied for plant 6 at (6, 10): plant already occupies cell
[2026-09-12T12:01:38.584078+00:00] Placement denied for plant 5 at (47, 91): plant already occupies cell
[2026-09-12T12:01:38.584081+00:00] Placement denied for plant 5 at (22, 7): plant already occupies cell
[2026-09-12T12:01:38.584084+00:00] Placement denied for plant 5 at (63, 88): plant already occupies cell
[2026-09-12T12:01:38.584087+00:00] Placement denied for plant 12 at (38, 4): plant already occupies cell
[2026-09-12T12:01:38.584090+00:00] Placement denied for plant 12 at (12, 20): plant already occupies cell
[2026-09-12T12:01:38.584093+00:00] Placement denied for plant 12 at (54, 1): plant already occupies cell
[2026-09-12T12:01:38.584096+00:00] Placement denied for plant 19 at (28, 17): plant already occupies cell
[2026-09-12T12:01:38.584099+00:00] Placement denied for plant 19 at (69, 98): plant already occupies cell
[2026-09-12T12:01:38.584102+00:00] Placement denied for plant 19 at (2, 33): plant already occupies cell
[2026-09-12T12:01:38.616215+00:00] Placement denied for plant 2 at (0, 0): plant already occupies cell
[2026-09-12T12:01:38.616235+00:00] Placement denied for plant 2 at (41, 81): plant already occupies cell
[2026-09-12T12:01:38.616240+00:00] Placement denied for plant 2 at (15, 97): plant already occupies cell
[2026-09-12T12:01:38.616243+00:00] Placement denied for plant 6 at (57, 78): plant already occupies cell
[2026-09-12T12:01:38.616246+00:00] Placement denied for plant 6 at (31, 94): plant already occupies cell
[2026-09-12T12:01:38.616250+00:00] Placement denied for plant 6 at (6, 10): plant already occupies cell
[2026-09-12T12:01:38.616253+00:00] Placement denied for plant 5 at (47, 91): plant already occupies cell
[2026-09-12T12:01:38.616256+00:00] Placement denied for plant 5 at (22, 7): plant already occupies cell
[2026-09-12T12:01:38.616259+00:00] Placement denied for plant 5 at (63, 88): plant already occupies cell
[2026-09-12T12:01:38.616262+00:00] Placement denied for plant 12 at (38, 4): plant already occupies cell
[2026-09-12T12:01:38.616266+00:00] Placement denied for plant 12 at (12, 20): plant already occupies cell
[2026-09-12T12:01:38.616269+00:00] Placement denied for plant 12 at (54, 1): plant already occupies cell
[2026-09-12T12:01:38.616272+00:00] Placement denied for plant 19 at (28, 17): plant already occupies cell
[2026-09-12T12:01:38.616275+00:00] Placement denied for plant 19 at (69, 98): plant already occupies cell
[2026-09-12T12:01:38.616278+00:00] Placement denied for plant 19 at (2, 33): plant already occupies cell
[2026-09-12T12:01:38.647240+00:00] Placement denied for plant 2 at (0, 0): plant already occupies cell
[2026-09-12T12:01:38.647262+00:00] Placement denied for plant 2 at (41, 81): plant already occupies cell
[2026-09-12T12:01:38.647266+00:00] Placement denied for plant 2 at (15, 97): plant already occupies cell
[2026-09-12T12:01:38.647269+00:00] Placement denied for plant 6 at (57, 78): plant already occupies cell
[2026-09-12T12:01:38.647272+00:00] Placement denied for plant 6 at (31, 94): plant already occupies cell
[2026-09-12T12:01:38.647275+00:00] Placement denied for plant 6 at (6, 10): plant already occupies cell
[2026-09-12T12:01:38.647278+00:00] Placement denied for plant 5 at (47, 91): plant already occupies cell
[2026-09-12T12:01:38.647361+00:00] Placement denied for plant 5 at (63, 88): plant already occupies cell
[2026-09-12T12:01:38.647365+00:00] Placement denied for plant 12 at (38, 4): plant already occupies cell
[2026-09-12T12:01:38.647368+00:00] Placement denied for plant 12 at (12, 20): plant already occupies cell
[2026-09-12T12:01:38.647371+00:00] Placement denied for plant 12 at (54, 1): plant already occupies cell
[2026-09-12T12:01:38.647374+00:00] Placement denied for plant 19 at (28, 17): plant already occupies cell
[2026-09-12T12:01:38.647377+00:00] Placement denied for plant 19 at (69, 98): plant already occupies cell
[2026-09-12T12:01:38.647380+00:00] Placement denied for plant 19 at (2, 33): plant already occupies cell
[2026-09-12T12:01:38.708289+00:00] Placement denied for plant 2 at (0, 0): plant already occupies cell
[2026-09-12T12:01:38.708311+00:00] Placement denied for plant 2 at (41, 81): plant already occupies cell
[2026-09-12T12:01:38.708315+00:00] Placement denied for plant 2 at (15, 97): plant already occupies cell
[2026-09-12T12:01:38.708319+00:00] Placement denied for plant 6 at (57, 78): plant already occupies cell
[2026-09-12T12:01:38.708322+00:00] Placement denied for plant 6 at (31, 94): plant already occupies cell
[2026-09-12T12:01:38.708325+00:00] Placement denied for plant 6 at (6, 10): plant already occupies cell
[2026-09-12T12:01:38.708328+00:00] Placement denied for plant 5 at (47, 91): plant already occupies cell
[2026-09-12T12:01:38.708420+00:00] Placement denied for plant 5 at (63, 88): plant already occupies cell
[2026-09-12T12:01:38.708424+00:00] Placement denied for plant 12 at (38, 4): plant already occupies cell
[2026-09-12T12:01:38.708427+00:00] Placement denied for plant 12 at (12, 20): plant already occupies cell
[2026-09-12T12:01:38.708430+00:00] Placement denied for plant 12 at (54, 1): plant already occupies cell
[2026-09-12T12:01:38.708492+00:00] Placement denied for plant 19 at (69, 98): plant already occupies cell
[2026-09-12T12:01:38.743904+00:00] Placement denied for plant 2 at (0, 0): plant already occupies cell
[2026-09-12T12:01:38.743931+00:00] Placement denied for plant 2 at (41, 81): plant already occupies cell
[2026-09-12T12:01:38.743935+00:00] Placement denied for plant 2 at (15, 97): plant already occupies cell
[2026-09-12T12:01:38.743938+00:00] Placement denied for plant 6 at (57, 78): plant already occupies cell
[2026-09-12T12:01:38.743941+00:00] Placement denied for plant 6 at (31, 94): plant already occupies cell
[2026-09-12T12:01:38.743944+00:00] Placement denied for plant 6 at (6, 10): plant already occupies cell
[2026-09-12T12:01:38.743947+00:00] Placement denied for plant 5 at (47, 91): plant already occupies cell
[2026-09-12T12:01:38.744046+00:00] Placement denied for plant 5 at (63, 88): plant already occupies cell
[2026-09-12T12:01:38.744050+00:00] Placement denied for plant 12 at (38, 4): plant already occupies cell
[2026-09-12T12:01:38.744053+00:00] Placement denied for plant 12 at (12, 20): plant already occupies cell
[2026-09-12T12:01:38.744056+00:00] Placement denied for plant 12 at (54, 1): plant already occupies cell
[2026-09-12T12:01:38.744059+00:00] Placement denied for plant 19 at (28, 17): plant already occupies cell
[2026-09-12T12:01:38.744062+00:00] Placement denied for plant 19 at (69, 98): plant already occupies cell
[2026-09-12T12:01:38.744065+00:00] Placement denied for plant 19 at (2, 33): plant already occupies cell
[2026-09-12T12:01:38.783372+00:00] Placement denied for plant 2 at (0, 0): plant already occupies cell
[2026-09-12T12:01:38.783400+00:00] Placement denied for plant 2 at (41, 81): plant already occupies cell
[2026-09-12T12:01:38.783408+00:00] Placement denied for plant 2 at (15, 97): plant already occupies cell
[2026-09-12T12:01:38.783414+00:00] Placement denied for plant 6 at (57, 78): plant already occupies cell
[2026-09-12T12:01:38.783420+00:00] Placement denied for plant 6 at (31, 94): plant already occupies cell
[2026-09-12T12:01:38.783425+00:00] Placement denied for plant 6 at (6, 10): plant already occupies cell
[2026-09-12T12:01:38.783430+00:00] Placement denied for plant 5 at (47, 91): plant already occupies cell
[2026-09-12T12:01:38.783435+00:00] Placement denied for plant 5 at (22, 7): plant already occupies cell
[2026-09-12T12:01:38.783439+00:00] Placement denied for plant 5 at (63, 88): plant already occupies cell
[2026-09-12T12:01:38.783442+00:00] Placement denied for plant 12 at (38, 4): plant already occupies cell
[2026-09-12T12:01:38.783445+00:00] Placement denied for plant 12 at (12, 20): plant already occupies cell
[2026-09-12T12:01:38.783448+00:00] Placement denied for plant 12 at (54, 1): plant already occupies cell
[2026-09-12T12:01:38.783451+00:00] Placement denied for plant 19 at (28, 17): plant already occupies cell
[2026-09-12T12:01:38.783454+00:00] Placement denied for plant 19 at (69, 98): plant already occupies cell
[2026-09-12T12:01:38.783456+00:00] Placement denied for plant 19 at (2, 33): plant already occupies cell
[2026-09-12T12:01:38.815197+00:00] Placement denied for plant 2 at (0, 0): plant already occupies cell
[2026-09-12T12:01:38.815218+00:00] Placement denied for plant 2 at (41, 81): plant already occupies cell
[2026-09-12T12:01:38.815222+00:00] Placement denied for plant 2 at (15, 97): plant already occupies cell
[2026-09-12T12:01:38.815225+00:00] Placement denied for plant 6 at (57, 78): plant already occupies cell
[2026-09-12T12:01:38.815228+00:00] Placement denied for plant 6 at (31, 94): plant already occupies cell
[2026-09-12T12:01:38.815231+00:00] Placement denied for plant 6 at (6, 10): plant already occupies cell
[2026-09-12T12:01:38.815234+00:00] Placement denied for plant 5 at (47, 91): plant already occupies cell
[2026-09-12T12:01:38.815237+00:00] Placement denied for plant 5 at (22, 7): plant already occupies cell
[2026-09-12T12:01:38.815240+00:00] Placement denied for plant 5 at (63, 88): plant already occupies cell
[2026-09-12T12:01:38.815243+00:00] Placement denied for plant 12 at (38, 4): plant already occupies cell
[2026-09-12T12:01:38.815246+00:00] Placement denied for plant 12 at (12, 20): plant already occupies cell
[2026-09-12T12:01:38.815249+00:00] Placement denied for plant 12 at (54, 1): plant already occupies cell
[2026-09-12T12:01:38.815252+00:00] Placement denied for plant 19 at (28, 17): plant already occupies cell
[2026-09-12T12:01:38.815255+00:00] Placement denied for plant 19 at (69, 98): plant already occupies cell
[2026-09-12T12:01:38.815258+00:00] Placement denied for plant 19 at (2, 33): plant already occupies cell
[2026-09-12T12:01:38.849229+00:00] Placement denied for plant 2 at (0, 0): plant already occupies cell
[2026-09-12T12:01:38.849253+00:00] Placement denied for plant 2 at (41, 81): plant already occupies cell
[2026-09-12T12:01:38.849257+00:00] Placement denied for plant 2 at (15, 97): plant already occupies cell
[2026-09-12T12:01:38.849261+00:00] Placement denied for plant 6 at (57, 78): plant already occupies cell
[2026-09-12T12:01:38.849264+00:00] Placement denied for plant 6 at (31, 94): plant already occupies cell
[2026-09-12T12:01:38.849267+00:00] Placement denied for plant 6 at (6, 10): plant already occupies cell
[2026-09-12T12:01:38.849270+00:00] Placement denied for plant 5 at (47, 91): plant already occupies cell
[2026-09-12T12:01:38.849274+00:00] Placement denied for plant 5 at (22, 7): plant already occupies cell
[2026-09-12T12:01:38.849277+00:00] Placement denied for plant 5 at (63, 88): plant already occupies cell
[2026-09-12T12:01:38.849280+00:00] Placement denied for plant 12 at (38, 4): plant already occupies cell
[2026-09-12T12:01:38.849283+00:00] Placement denied for plant 12 at (12, 20): plant already occupies cell
[2026-09-12T12:01:38.849286+00:00] Placement denied for plant 12 at (54, 1): plant already occupies cell
[2026-09-12T12:01:38.849289+00:00] Placement denied for plant 19 at (28, 17): plant already occupies cell
[2026-09-12T12:01:38.849292+00:00] Placement denied for plant 19 at (69, 98): plant already occupies cell
[2026-09-12T12:01:38.849295+00:00] Placement denied for plant 19 at (2, 33): plant already occupies cell
[2026-09-12T12:01:38.886537+00:00] Placement denied for plant 2 at (0, 0): plant already occupies cell
[2026-09-12T12:01:38.886558+00:00] Placement denied for plant 2 at (41, 81): plant already occupies cell
[2026-09-12T12:01:38.886562+00:00] Placement denied for plant 2 at (15, 97): plant already occupies cell
[2026-09-12T12:01:38.886565+00:00] Placement denied for plant 6 at (57, 78): plant already occupies cell
[2026-09-12T12:01:38.886568+00:00] Placement denied for plant 6 at (31, 94): plant already occupies cell
[2026-09-12T12:01:38.886571+00:00] Placement denied for plant 6 at (6, 10): plant already occupies cell
[2026-09-12T12:01:38.886575+00:00] Placement denied for plant 5 at (47, 91): plant already occupies cell
[2026-09-12T12:01:38.886578+00:00] Placement denied for plant 5 at (22, 7): plant already occupies cell
[2026-09-12T12:01:38.886581+00:00] Placement denied for plant 5 at (63, 88): plant already occupies cell
[2026-09-12T12:01:38.886584+00:00] Placement denied for plant 12 at (38, 4): plant already occupies cell
[2026-09-12T12:01:38.886588+00:00] Placement denied for plant 12 at (12, 20): plant already occupies cell
[2026-09-12T12:01:38.886591+00:00] Placement denied for plant 12 at (54, 1): plant already occupies cell
[2026-09-12T12:01:38.886594+00:00] Placement denied for plant 19 at (28, 17): plant already occupies cell
[2026-09-12T12:01:38.886597+00:00] Placement denied for plant 19 at (69, 98): plant already occupies cell
[2026-09-12T12:01:38.886600+00:00] Placement denied for plant 19 at (2, 33): plant already occupies cell
[2026-09-12T12:01:38.950080+00:00] Placement denied for plant 2 at (41, 81): plant already occupies cell
[2026-09-12T12:01:38.950099+00:00] Placement denied for plant 2 at (15, 97): plant already occupies cell
[2026-09-12T12:01:38.950103+00:00] Placement denied for plant 6 at (57, 78): plant already occupies cell
[2026-09-12T12:01:38.950106+00:00] Placement denied for plant 6 at (31, 94): plant already occupies cell
[2026-09-12T12:01:38.950109+00:00] Placement denied for plant 6 at (6, 10): plant already occupies cell
[2026-09-12T12:01:38.950112+00:00] Placement denied for plant 5 at (47, 91): plant already occupies cell
[2026-09-12T12:01:38.950169+00:00] Placement denied for plant 5 at (63, 88): plant already occupies cell
[2026-09-12T12:01:38.950173+00:00] Placement denied for plant 12 at (38, 4): plant already occupies cell
[2026-09-12T12:01:38.950176+00:00] Placement denied for plant 12 at (12, 20): plant already occupies cell
[2026-09-12T12:01:38.950179+00:00] Placement denied for plant 12 at (54, 1): plant already occupies cell
[2026-09-12T12:01:38.950182+00:00] Placement denied for plant 19 at (28, 17): plant already occupies cell
[2026-09-12T12:01:38.950185+00:00] Placement denied for plant 19 at (69, 98): plant already occupies cell
[2026-09-12T12:01:38.950188+00:00] Placement denied for plant 19 at (2, 33): plant already occupies cell
[2026-09-12T12:01:38.984261+00:00] Placement denied for plant 2 at (0, 0): plant already occupies cell
[2026-09-12T12:01:38.984281+00:00] Placement denied for plant 2 at (41, 81): plant already occupies cell
[2026-09-12T12:01:38.984285+00:00] Placement denied for plant 2 at (15, 97): plant already occupies cell
[2026-09-12T12:01:38.984289+00:00] Placement denied for plant 6 at (57, 78): plant already occupies cell
[2026-09-12T12:01:38.984292+00:00] Placement denied for plant 6 at (31, 94): plant already occupies cell
[2026-09-12T12:01:38.984295+00:00] Placement denied for plant 6 at (6, 10): plant already occupies cell
[2026-09-12T12:01:38.984298+00:00] Placement denied for plant 5 at (47, 91): plant already occupies cell
[2026-09-12T12:01:38.984301+00:00] Placement denied for plant 5 at (22, 7): plant already occupies cell
[2026-09-12T12:01:38.984304+00:00] Placement denied for plant 5 at (63, 88): plant already occupies cell
[2026-09-12T12:01:38.984307+00:00] Placement denied for plant 12 at (38, 4): plant already occupies cell
[2026-09-12T12:01:38.984310+00:00] Placement denied for plant 12 at (12, 20): plant already occupies cell
[2026-09-12T12:01:38.984313+00:00] Placement denied for plant 12 at (54, 1): plant already occupies cell
[2026-09-12T12:01:38.984316+00:00] Placement denied for plant 19 at (28, 17): plant already occupies cell
[2026-09-12T12:01:38.984319+00:00] Placement denied for plant 19 at (69, 98): plant already occupies cell
[2026-09-12T12:01:38.984322+00:00] Placement denied for plant 19 at (2, 33): plant already occupies cell
[2026-09-12T12:01:39.028982+00:00] Placement denied for plant 2 at (0, 0): plant already occupies cell
[2026-09-12T12:01:39.029003+00:00] Placement denied for plant 2 at (41, 81): plant already occupies cell
[2026-09-12T12:01:39.029008+00:00] Placement denied for plant 2 at (15, 97): plant already occupies cell
[2026-09-12T12:01:39.029012+00:00] Placement denied for plant 6 at (57, 78): plant already occupies cell
[2026-09-12T12:01:39.029015+00:00] Placement denied for plant 6 at (31, 94): plant already occupies cell
[2026-09-12T12:01:39.029019+00:00] Placement denied for plant 6 at (6, 10): plant already occupies cell
[2026-09-12T12:01:39.029022+00:00] Placement denied for plant 5 at (47, 91): plant already occupies cell
[2026-09-12T12:01:39.029025+00:00] Placement denied for plant 5 at (22, 7): plant already occupies cell
[2026-09-12T12:01:39.029028+00:00] Placement denied for plant 5 at (63, 88): plant already occupies cell
[2026-09-12T12:01:39.029031+00:00] Placement denied for plant 12 at (38, 4): plant already occupies cell
[2026-09-12T12:01:39.029034+00:00] Placement denied for plant 12 at (12, 20): plant already occupies cell
[2026-09-12T12:01:39.029041+00:00] Placement denied for plant 12 at (54, 1): plant already occupies cell
[2026-09-12T12:01:39.029044+00:00] Placement denied for plant 19 at (28, 17): plant already occupies cell
[2026-09-12T12:01:39.029047+00:00] Placement denied for plant 19 at (69, 98): plant already occupies cell
[2026-09-12T12:01:39.029050+00:00] Placement denied for plant 19 at (2, 33): plant already occupies cell
[2026-09-12T12:01:39.061625+00:00] Placement denied for plant 2 at (0, 0): plant already occupies cell
[2026-09-12T12:01:39.061647+00:00] Placement denied for plant 2 at (41, 81): plant already occupies cell
[2026-09-12T12:01:39.061650+00:00] Placement denied for plant 2 at (15, 97): plant already occupies cell
[2026-09-12T12:01:39.061653+00:00] Placement denied for plant 6 at (57, 78): plant already occupies cell
[2026-09-12T12:01:39.061656+00:00] Placement denied for plant 6 at (31, 94): plant already occupies cell
[2026-09-12T12:01:39.061659+00:00] Placement denied for plant 6 at (6, 10): plant already occupies cell
[2026-09-12T12:01:39.061663+00:00] Placement denied for plant 5 at (47, 91): plant already occupies cell
[2026-09-12T12:01:39.061666+00:00] Placement denied for plant 5 at (22, 7): plant already occupies cell
[2026-09-12T12:01:39.061669+00:00] Placement denied for plant 5 at (63, 88): plant already occupies cell
[2026-09-12T12:01:39.061672+00:00] Placement denied for plant 12 at (38, 4): plant already occupies cell
[2026-09-12T12:01:39.061675+00:00] Placement denied for plant 12 at (12, 20): plant already occupies cell
[2026-09-12T12:01:39.061678+00:00] Placement denied for plant 12 at (54, 1): plant already occupies cell
[2026-09-12T12:01:39.061681+00:00] Placement denied for plant 19 at (28, 17): plant already occupies cell
[2026-09-12T12:01:39.061684+00:00] Placement denied for plant 19 at (69, 98): plant already occupies cell
[2026-09-12T12:01:39.061687+00:00] Placement denied for plant 19 at (2, 33): plant already occupies cell
[2026-09-12T12:01:39.095136+00:00] Placement denied for plant 2 at (0, 0): plant already occupies cell
[2026-09-12T12:01:39.095158+00:00] Placement denied for plant 2 at (41, 81): plant already occupies cell
[2026-09-12T12:01:39.095163+00:00] Placement denied for plant 2 at (15, 97): plant already occupies cell
[2026-09-12T12:01:39.095167+00:00] Placement denied for plant 6 at (57, 78): plant already occupies cell
[2026-09-12T12:01:39.095170+00:00] Placement denied for plant 6 at (31, 94): plant already occupies cell
[2026-09-12T12:01:39.095173+00:00] Placement denied for plant 6 at (6, 10): plant already occupies cell
[2026-09-12T12:01:39.095176+00:00] Placement denied for plant 5 at (47, 91): plant already occupies cell
[2026-09-12T12:01:39.095179+00:00] Placement denied for plant 5 at (22, 7): plant already occupies cell
[2026-09-12T12:01:39.095182+00:00] Placement denied for plant 5 at (63, 88): plant already occupies cell
[2026-09-12T12:01:39.095185+00:00] Placement denied for plant 12 at (38, 4): plant already occupies cell
[2026-09-12T12:01:39.095188+00:00] Placement denied for plant 12 at (12, 20): plant already occupies cell
[2026-09-12T12:01:39.095191+00:00] Placement denied for plant 12 at (54, 1): plant already occupies cell
[2026-09-12T12:01:39.095194+00:00] Placement denied for plant 19 at (28, 17): plant already occupies cell
[2026-09-12T12:01:39.095197+00:00] Placement denied for plant 19 at (69, 98): plant already occupies cell
[2026-09-12T12:01:39.095200+00:00] Placement denied for plant 19 at (2, 33): plant already occupies cell
[2026-09-12T12:01:39.127291+00:00] Placement denied for plant 2 at (0, 0): plant already occupies cell
[2026-09-12T12:01:39.127315+00:00] Placement denied for plant 2 at (41, 81): plant already occupies cell
[2026-09-12T12:01:39.127319+00:00] Placement denied for plant 2 at (15, 97): plant already occupies cell
[2026-09-12T12:01:39.127322+00:00] Placement denied for plant 6 at (57, 78): plant already occupies cell
[2026-09-12T12:01:39.127326+00:00] Placement denied for plant 6 at (31, 94): plant already occupies cell
[2026-09-12T12:01:39.127329+00:00] Placement denied for plant 6 at (6, 10): plant already occupies cell
[2026-09-12T12:01:39.127332+00:00] Placement denied for plant 5 at (47, 91): plant already occupies cell
[2026-09-12T12:01:39.127335+00:00] Placement denied for plant 5 at (22, 7): plant already occupies cell
[2026-09-12T12:01:39.127338+00:00] Placement denied for plant 5 at (63, 88): plant already occupies cell
[2026-09-12T12:01:39.127341+00:00] Placement denied for plant 12 at (38, 4): plant already occupies cell
[2026-09-12T12:01:39.127344+00:00] Placement denied for plant 12 at (12, 20): plant already occupies cell
[2026-09-12T12:01:39.127347+00:00] Placement denied for plant 12 at (54, 1): plant already occupies cell
[2026-09-12T12:01:39.127350+00:00] Placement denied for plant 19 at (28, 17): plant already occupies cell
[2026-09-12T12:01:39.127353+00:00] Placement denied for plant 19 at (69, 98): plant already occupies cell
[2026-09-12T12:01:39.127356+00:00] Placement denied for plant 19 at (2, 33): plant already occupies cell
[2026-09-12T12:01:39.191657+00:00] Placement denied for plant 2 at (0, 0): plant already occupies cell
[2026-09-12T12:01:39.191680+00:00] Placement denied for plant 2 at (41, 81): plant already occupies cell
[2026-09-12T12:01:39.191685+00:00] Placement denied for plant 2 at (15, 97): plant already occupies cell
[2026-09-12T12:01:39.191688+00:00] Placement denied for plant 6 at (57, 78): plant already occupies cell
[2026-09-12T12:01:39.191692+00:00] Placement denied for plant 6 at (31, 94): plant already occupies cell
[2026-09-12T12:01:39.191695+00:00] Placement denied for plant 6 at (6, 10): plant already occupies cell
[2026-09-12T12:01:39.191698+00:00] Placement denied for plant 5 at (47, 91): plant already occupies cell
[2026-09-12T12:01:39.191789+00:00] Placement denied for plant 5 at (63, 88): plant already occupies cell
[2026-09-12T12:01:39.191793+00:00] Placement denied for plant 12 at (38, 4): plant already occupies cell
[2026-09-12T12:01:39.191796+00:00] Placement denied for plant 12 at (12, 20): plant already occupies cell
[2026-09-12T12:01:39.191799+00:00] Placement denied for plant 12 at (54, 1): plant already occupies cell
[2026-09-12T12:01:39.191802+00:00] Placement denied for plant 19 at (28, 17): plant already occupies cell
[2026-09-12T12:01:39.191805+00:00] Placement denied for plant 19 at (69, 98): plant already occupies cell
[2026-09-12T12:01:39.227077+00:00] Placement denied for plant 2 at (0, 0): plant already occupies cell
[2026-09-12T12:01:39.227101+00:00] Placement denied for plant 2 at (41, 81): plant already occupies cell
[2026-09-12T12:01:39.227106+00:00] Placement denied for plant 2 at (15, 97): plant already occupies cell
[2026-09-12T12:01:39.227109+00:00] Placement denied for plant 6 at (57, 78): plant already occupies cell
[2026-09-12T12:01:39.227112+00:00] Placement denied for plant 6 at (31, 94): plant already occupies cell
[2026-09-12T12:01:39.227115+00:00] Placement denied for plant 6 at (6, 10): plant already occupies cell
[2026-09-12T12:01:39.227119+00:00] Placement denied for plant 5 at (47, 91): plant already occupies cell
[2026-09-12T12:01:39.227122+00:00] Placement denied for plant 5 at (22, 7): plant already occupies cell
[2026-09-12T12:01:39.227125+00:00] Placement denied for plant 5 at (63, 88): plant already occupies cell
[2026-09-12T12:01:39.227128+00:00] Placement denied for plant 12 at (38, 4): plant already occupies cell
[2026-09-12T12:01:39.227131+00:00] Placement denied for plant 12 at (12, 20): plant already occupies cell
[2026-09-12T12:01:39.227134+00:00] Placement denied for plant 12 at (54, 1): plant already occupies cell
[2026-09-12T12:01:39.227137+00:00] Placement denied for plant 19 at (28, 17): plant already occupies cell
[2026-09-12T12:01:39.227140+00:00] Placement denied for plant 19 at (69, 98): plant already occupies cell
[2026-09-12T12:01:39.227143+00:00] Placement denied for plant 19 at (2, 33): plant already occupies cell
[2026-09-12T12:01:39.265186+00:00] Placement denied for plant 2 at (0, 0): plant already occupies cell
[2026-09-12T12:01:39.265208+00:00] Placement denied for plant 2 at (41, 81): plant already occupies cell
[2026-09-12T12:01:39.265213+00:00] Placement denied for plant 2 at (15, 97): plant already occupies cell
[2026-09-12T12:01:39.265216+00:00] Placement denied for plant 6 at (57, 78): plant already occupies cell
[2026-09-12T12:01:39.265220+00:00] Placement denied for plant 6 at (31, 94): plant already occupies cell
[2026-09-12T12:01:39.265223+00:00] Placement denied for plant 6 at (6, 10): plant already occupies cell
[2026-09-12T12:01:39.265227+00:00] Placement denied for plant 5 at (47, 91): plant already occupies cell
[2026-09-12T12:01:39.265231+00:00] Placement denied for plant 5 at (22, 7): plant already occupies cell
[2026-09-12T12:01:39.265234+00:00] Placement denied for plant 5 at (63, 88): plant already occupies cell
[2026-09-12T12:01:39.265237+00:00] Placement denied for plant 12 at (38, 4): plant already occupies cell
[2026-09-12T12:01:39.265240+00:00] Placement denied for plant 12 at (12, 20): plant already occupies cell
[2026-09-12T12:01:39.265244+00:00] Placement denied for plant 12 at (54, 1): plant already occupies cell
[2026-09-12T12:01:39.265247+00:00] Placement denied for plant 19 at (28, 17): plant already occupies cell
[2026-09-12T12:01:39.265250+00:00] Placement denied for plant 19 at (69, 98): plant already occupies cell
[2026-09-12T12:01:39.265253+00:00] Placement denied for plant 19 at (2, 33): plant already occupies cell
[2026-09-12T12:01:39.296969+00:00] Placement denied for plant 2 at (0, 0): plant already occupies cell
[2026-09-12T12:01:39.296992+00:00] Placement denied for plant 2 at (41, 81): plant already occupies cell
[2026-09-12T12:01:39.296996+00:00] Placement denied for plant 2 at (15, 97): plant already occupies cell
[2026-09-12T12:01:39.296999+00:00] Placement denied for plant 6 at (57, 78): plant already occupies cell
[2026-09-12T12:01:39.297002+00:00] Placement denied for plant 6 at (31, 94): plant already occupies cell
[2026-09-12T12:01:39.297005+00:00] Placement denied for plant 6 at (6, 10): plant already occupies cell
[2026-09-12T12:01:39.297009+00:00] Placement denied for plant 5 at (47, 91): plant already occupies cell
[2026-09-12T12:01:39.297012+00:00] Placement denied for plant 5 at (22, 7): plant already occupies cell
[2026-09-12T12:01:39.297015+00:00] Placement denied for plant 5 at (63, 88): plant already occupies cell
[2026-09-12T12:01:39.297018+00:00] Placement denied for plant 12 at (38, 4): plant already occupies cell
[2026-09-12T12:01:39.297021+00:00] Placement denied for plant 12 at (12, 20): plant already occupies cell
[2026-09-12T12:01:39.297024+00:00] Placement denied for plant 12 at (54, 1): plant already occupies cell
[2026-09-12T12:01:39.297027+00:00] Placement denied for plant 19 at (28, 17): plant already occupies cell
[2026-09-12T12:01:39.297030+00:00] Placement denied for plant 19 at (69, 98): plant already occupies cell
[2026-09-12T12:01:39.297033+00:00] Placement denied for plant 19 at (2, 33): plant already occupies cell
[2026-09-12T12:01:39.334280+00:00] Placement denied for plant 2 at (0, 0): plant already occupies cell
[2026-09-12T12:01:39.334302+00:00] Placement denied for plant 2 at (41, 81): plant already occupies cell
[2026-09-12T12:01:39.334308+00:00] Placement denied for plant 2 at (15, 97): plant already occupies cell
[2026-09-12T12:01:39.334311+00:00] Placement denied for plant 6 at (57, 78): plant already occupies cell
[2026-09-12T12:01:39.334315+00:00] Placement denied for plant 6 at (31, 94): plant already occupies cell
[2026-09-12T12:01:39.334318+00:00] Placement denied for plant 6 at (6, 10): plant already occupies cell
[2026-09-12T12:01:39.334321+00:00] Placement denied for plant 5 at (47, 91): plant already occupies cell
[2026-09-12T12:01:39.334324+00:00] Placement denied for plant 5 at (22, 7): plant already occupies cell
[2026-09-12T12:01:39.334327+00:00] Placement denied for plant 5 at (63, 88): plant already occupies cell
[2026-09-12T12:01:39.334331+00:00] Placement denied for plant 12 at (38, 4): plant already occupies cell
[2026-09-12T12:01:39.334334+00:00] Placement denied for plant 12 at (12, 20): plant already occupies cell
[2026-09-12T12:01:39.334337+00:00] Placement denied for plant 12 at (54, 1): plant already occupies cell
[2026-09-12T12:01:39.334340+00:00] Placement denied for plant 19 at (28, 17): plant already occupies cell
[2026-09-12T12:01:39.334343+00:00] Placement denied for plant 19 at (69, 98): plant already occupies cell
[2026-09-12T12:01:39.334346+00:00] Placement denied for plant 19 at (2, 33): plant already occupies cell
[2026-09-12T12:01:39.364902+00:00] Placement denied for plant 2 at (0, 0): plant already occupies cell
[2026-09-12T12:01:39.364924+00:00] Placement denied for plant 2 at (41, 81): plant already occupies cell
[2026-09-12T12:01:39.364928+00:00] Placement denied for plant 2 at (15, 97): plant already occupies cell
[2026-09-12T12:01:39.364932+00:00] Placement denied for plant 6 at (57, 78): plant already occupies cell
[2026-09-12T12:01:39.364935+00:00] Placement denied for plant 6 at (31, 94): plant already occupies cell
[2026-09-12T12:01:39.364938+00:00] Placement denied for plant 6 at (6, 10): plant already occupies cell
[2026-09-12T12:01:39.364945+00:00] Placement denied for plant 5 at (47, 91): plant already occupies cell
[2026-09-12T12:01:39.364948+00:00] Placement denied for plant 5 at (22, 7): plant already occupies cell
[2026-09-12T12:01:39.364951+00:00] Placement denied for plant 5 at (63, 88): plant already occupies cell
[2026-09-12T12:01:39.364954+00:00] Placement denied for plant 12 at (38, 4): plant already occupies cell
[2026-09-12T12:01:39.364957+00:00] Placement denied for plant 12 at (12, 20): plant already occupies cell
[2026-09-12T12:01:39.364960+00:00] Placement denied for plant 12 at (54, 1): plant already occupies cell
[2026-09-12T12:01:39.364963+00:00] Placement denied for plant 19 at (28, 17): plant already occupies cell
[2026-09-12T12:01:39.364999+00:00] Placement denied for plant 19 at (69, 98): plant already occupies cell
[2026-09-12T12:01:39.365003+00:00] Placement denied for plant 19 at (2, 33): plant already occupies cell
[2026-09-12T12:01:39.420392+00:00] Placement denied for plant 2 at (0, 0): plant already occupies cell
[2026-09-12T12:01:39.420413+00:00] Placement denied for plant 2 at (41, 81): plant already occupies cell
[2026-09-12T12:01:39.420418+00:00] Placement denied for plant 2 at (15, 97): plant already occupies cell
[2026-09-12T12:01:39.420421+00:00] Placement denied for plant 6 at (57, 78): plant already occupies cell
[2026-09-12T12:01:39.420424+00:00] Placement denied for plant 6 at (31, 94): plant already occupies cell
[2026-09-12T12:01:39.420427+00:00] Placement denied for plant 6 at (6, 10): plant already occupies cell
[2026-09-12T12:01:39.420430+00:00] Placement denied for plant 5 at (47, 91): plant already occupies cell
[2026-09-12T12:01:39.420518+00:00] Placement denied for plant 5 at (63, 88): plant already occupies cell
[2026-09-12T12:01:39.420522+00:00] Placement denied for plant 12 at (38, 4): plant already occupies cell
[2026-09-12T12:01:39.420526+00:00] Placement denied for plant 12 at (12, 20): plant already occupies cell
[2026-09-12T12:01:39.420529+00:00] Placement denied for plant 12 at (54, 1): plant already occupies cell
[2026-09-12T12:01:39.420592+00:00] Placement denied for plant 19 at (69, 98): plant already occupies cell
[2026-09-12T12:01:39.451334+00:00] Placement denied for plant 2 at (41, 81): plant already occupies cell
[2026-09-12T12:01:39.451352+00:00] Placement denied for plant 2 at (15, 97): plant already occupies cell
[2026-09-12T12:01:39.451356+00:00] Placement denied for plant 6 at (57, 78): plant already occupies cell
[2026-09-12T12:01:39.451359+00:00] Placement denied for plant 6 at (31, 94): plant already occupies cell
[2026-09-12T12:01:39.451362+00:00] Placement denied for plant 6 at (6, 10): plant already occupies cell
[2026-09-12T12:01:39.451365+00:00] Placement denied for plant 5 at (47, 91): plant already occupies cell
[2026-09-12T12:01:39.451368+00:00] Placement denied for plant 5 at (22, 7): plant already occupies cell
[2026-09-12T12:01:39.451372+00:00] Placement denied for plant 5 at (63, 88): plant already occupies cell
[2026-09-12T12:01:39.451375+00:00] Placement denied for plant 12 at (38, 4): plant already occupies cell
[2026-09-12T12:01:39.451378+00:00] Placement denied for plant 12 at (12, 20): plant already occupies cell
[2026-09-12T12:01:39.451381+00:00] Placement denied for plant 12 at (54, 1): plant already occupies cell
[2026-09-12T12:01:39.451384+00:00] Placement denied for plant 19 at (28, 17): plant already occupies cell
[2026-09-12T12:01:39.451386+00:00] Placement denied for plant 19 at (69, 98): plant already occupies cell
[2026-09-12T12:01:39.451389+00:00] Placement denied for plant 19 at (2, 33): plant already occupies cell
[2026-09-12T12:01:39.487339+00:00] Placement denied for plant 2 at (0, 0): plant already occupies cell
[2026-09-12T12:01:39.487359+00:00] Placement denied for plant 2 at (41, 81): plant already occupies cell
[2026-09-12T12:01:39.487363+00:00] Placement denied for plant 2 at (15, 97): plant already occupies cell
[2026-09-12T12:01:39.487367+00:00] Placement denied for plant 6 at (57, 78): plant already occupies cell
[2026-09-12T12:01:39.487370+00:00] Placement denied for plant 6 at (31, 94): plant already occupies cell
[2026-09-12T12:01:39.487374+00:00] Placement denied for plant 6 at (6, 10): plant already occupies cell
[2026-09-12T12:01:39.487377+00:00] Placement denied for plant 5 at (47, 91): plant already occupies cell
[2026-09-12T12:01:39.487380+00:00] Placement denied for plant 5 at (22, 7): plant already occupies cell
[2026-09-12T12:01:39.487383+00:00] Placement denied for plant 5 at (63, 88): plant already occupies cell
[2026-09-12T12:01:39.487387+00:00] Placement denied for plant 12 at (38, 4): plant already occupies cell
[2026-09-12T12:01:39.487390+00:00] Placement denied for plant 12 at (12, 20): plant already occupies cell
[2026-09-12T12:01:39.487393+00:00] Placement denied for plant 12 at (54, 1): plant already occupies cell
[2026-09-12T12:01:39.487396+00:00] Placement denied for plant 19 at (28, 17): plant already occupies cell
[2026-09-12T12:01:39.487399+00:00] Placement denied for plant 19 at (69, 98): plant already occupies cell
[2026-09-12T12:01:39.487402+00:00] Placement denied for plant 19 at (2, 33): plant already occupies cell
[2026-09-12T12:01:39.517907+00:00] Placement denied for plant 2 at (0, 0): plant already occupies cell
[2026-09-12T12:01:39.517929+00:00] Placement denied for plant 2 at (41, 81): plant already occupies cell
[2026-09-12T12:01:39.517932+00:00] Placement denied for plant 2 at (15, 97): plant already occupies cell
[2026-09-12T12:01:39.517936+00:00] Placement denied for plant 6 at (57, 78): plant already occupies cell
[2026-09-12T12:01:39.517939+00:00] Placement denied for plant 6 at (31, 94): plant already occupies cell
[2026-09-12T12:01:39.517942+00:00] Placement denied for plant 6 at (6, 10): plant already occupies cell
[2026-09-12T12:01:39.517946+00:00] Placement denied for plant 5 at (47, 91): plant already occupies cell
[2026-09-12T12:01:39.517949+00:00] Placement denied for plant 5 at (22, 7): plant already occupies cell
[2026-09-12T12:01:39.517952+00:00] Placement denied for plant 5 at (63, 88): plant already occupies cell
[2026-09-12T12:01:39.517955+00:00] Placement denied for plant 12 at (38, 4): plant already occupies cell
[2026-09-12T12:01:39.517958+00:00] Placement denied for plant 12 at (12, 20): plant already occupies cell
[2026-09-12T12:01:39.517961+00:00] Placement denied for plant 12 at (54, 1): plant already occupies cell
[2026-09-12T12:01:39.517964+00:00] Placement denied for plant 19 at (28, 17): plant already occupies cell
[2026-09-12T12:01:39.517967+00:00] Placement denied for plant 19 at (69, 98): plant already occupies cell
[2026-09-12T12:01:39.517970+00:00] Placement denied for plant 19 at (2, 33): plant already occupies cell
[2026-09-12T12:01:39.549970+00:00] Placement denied for plant 19 at (58, 67): plant already occupies cell
[2026-09-12T12:01:39.549988+00:00] Placement denied for plant 19 at (32, 83): plant already occupies cell
[2026-09-12T12:01:39.581414+00:00] Placement denied for plant 12 at (25, 29): plant already occupies cell
[2026-09-12T12:01:39.581433+00:00] Placement denied for plant 12 at (67, 10): plant already occupies cell
[2026-09-12T12:01:39.581438+00:00] Placement denied for plant 12 at (41, 26): plant already occupies cell
[2026-09-12T12:01:39.624752+00:00] Placement denied for plant 19 at (13, 98): plant already occupies cell
[2026-09-12T12:01:39.658098+00:00] Placement denied for plant 19 at (66, 55): plant already occupies cell
[2026-09-12T12:01:39.658117+00:00] Placement denied for plant 19 at (40, 71): plant already occupies cell
[2026-09-12T12:01:39.698196+00:00] Placement denied for plant 12 at (7, 33): plant already occupies cell
[2026-09-12T12:01:39.698216+00:00] Placement denied for plant 12 at (23, 30): plant already occupies cell
[2026-09-12T12:01:39.698220+00:00] Placement denied for plant 12 at (65, 11): plant already occupies cell
[2026-09-12T12:01:39.731248+00:00] Placement denied for plant 19 at (27, 96): plant already occupies cell
[2026-09-12T12:01:39.759706+00:00] PlantSim simulation completed
[2026-09-12T12:01:39.763019+00:00] PlantSim scoring started
[2026-09-12T12:01:39.766644+00:00] PlantSim evaluation completed with score 0.291811
[2026-09-12T12:01:39.780465+00:00] Setting score to 291811331
[2026-09-12T12:01:39.780764+00:00] PlantSim statistics: {'score': 0.2918113313497683, 'main_score': 0.3431631641872104, 'longevity_score': 0.086404, 'entropy': 0.39580526434511, 'total_plants_planted_C': 6069, 'unlocked_plant_types': np.int64(6), 'density_factor': 0.867, 'number_of_plant_species_in_the_game': 31, 'c_max_or_grid_size': 7000, 'plant_counts': array([1181.,   41.,    0.,    0.,  505.,  108.,    0.,    0.,    0.,
          0.,    0., 1830.,    0.,    0.,    0.,    0.,    0.,    0.,
       2404.,    0.,    0.,    0.,    0.,    0.,    0.,    0.,    0.,
          0.,    0.,    0.,    0.])}
[2026-09-12T12:01:39.780771+00:00] Evaluation completed successfully